[ghcampusmarket.com/index.html]
[backblue.gif]
[fade.gif]
[index.html]
[ghcampusmarket.com/images/favicon.png]
[ghcampusmarket.com/manifest.json]
[ghcampusmarket.com/images/icons/icon-512x512.png]
[ghcampusmarket.com/images/icons/splash-640x1136.png]
[ghcampusmarket.com/images/icons/splash-750x1334.png]
[ghcampusmarket.com/images/icons/splash-1242x2208.png]
[ghcampusmarket.com/images/icons/splash-1125x2436.png]
[ghcampusmarket.com/images/icons/splash-828x1792.png]
[ghcampusmarket.com/images/icons/splash-1242x2688.png]
[ghcampusmarket.com/images/icons/splash-1536x2048.png]
[ghcampusmarket.com/images/icons/splash-1668x2224.png]
[ghcampusmarket.com/images/icons/splash-1668x2388.png]
[ghcampusmarket.com/images/icons/splash-2048x2732.png]
[ghcampusmarket.com/serviceworker.js]
[ghcampusmarket.com/images/logo.png]
[ghcampusmarket.com/frontend/css/animate.css]
[ghcampusmarket.com/frontend/css/bootstrap.css]
[ghcampusmarket.com/frontend/css/color1.css]
[ghcampusmarket.com/frontend/css/style.css]
[ghcampusmarket.com/toastr/build/toastr.min.css]
[ghcampusmarket.com/login.html]
[ghcampusmarket.com/add-product]
[ghcampusmarket.com/register.html]
[ghcampusmarket.com/user/change-password]
[ghcampusmarket.com/user/change-password]
[ghcampusmarket.com/user/change-password]
[ghcampusmarket.com/add-product]
[ghcampusmarket.com/images/banner/ghbanner-wide.jpg]
[ghcampusmarket.com/category/computers-and-accessories.html]
[ghcampusmarket.com/images/categories/comp_11zon.png]
[ghcampusmarket.com/category/phones-accessories.html]
[ghcampusmarket.com/images/categories/phone_11zon.png]
[ghcampusmarket.com/category/fashion.html]
[ghcampusmarket.com/images/categories/fashio_11zon.png]
[ghcampusmarket.com/product/wig-braids.html]
[ghcampusmarket.com/images/products/wig-braids_2302160907195857.jpg]
[ghcampusmarket.com/product/original-hermes-slippers.html]
[ghcampusmarket.com/images/products/original-hermes-slippers_2303220125053656.jpg]
[ghcampusmarket.com/product/tiens-zinc-capsules.html]
[ghcampusmarket.com/images/products/tiens-zinc-capsules_2309050414076366.jpg]
[ghcampusmarket.com/product/classic-tops-7.html]
[ghcampusmarket.com/images/products/classic-tops-7_2302081050075541.jpg]
[ghcampusmarket.com/product/keyboard-and-mouse.html]
[ghcampusmarket.com/images/products/keyboard-and-mouse_2301271100015392.jpg]
[ghcampusmarket.com/product/otg-adapter-for-android-phones-2.html]
[ghcampusmarket.com/images/old/20190819060806pmcbsE1.jpg]
[ghcampusmarket.com/product/quality-men-shoe-from-anax.html]
[ghcampusmarket.com/images/products/quality-men-shoe-from-anax_2304250911338433.jpg]
[ghcampusmarket.com/product/converse.html]
[ghcampusmarket.com/images/old/20190921063932amcbsIMG-20190920-WA0008.jpg]
[ghcampusmarket.com/images/categories/computers--accessories_2301170335381668.png]
[ghcampusmarket.com/images/categories/phones--accessories_2301170336575072.png]
[ghcampusmarket.com/category/electrical-appliances.html]
[ghcampusmarket.com/images/categories/electrical-appliances_2301170337119732.png]
[ghcampusmarket.com/images/categories/fashion_2301170337402518.png]
[ghcampusmarket.com/category/health-beauty.html]
[ghcampusmarket.com/images/categories/health--beauty_2301170338369658.png]
[ghcampusmarket.com/category/foods-groceries.html]
[ghcampusmarket.com/images/categories/foods--groceries_2301170339403103.png]
[ghcampusmarket.com/category/education-books.html]
[ghcampusmarket.com/images/categories/education--books_2301170340428932.png]
[ghcampusmarket.com/category/hostel-furniture.html]
[ghcampusmarket.com/images/categories/hostel--furniture_2301170341358290.png]
[ghcampusmarket.com/category/vehicle-cycles.html]
[ghcampusmarket.com/images/categories/vehicle--cycles_2301170342375883.png]
[ghcampusmarket.com/category/art-sports-hobbies.html]
[ghcampusmarket.com/images/categories/art-sports--hobbies_2301170343028024.png]
[ghcampusmarket.com/category/jobs-services.html]
[ghcampusmarket.com/images/categories/jobs--services_2301170344233571.png]
[ghcampusmarket.com/category/events.html]
[ghcampusmarket.com/images/categories/events_2301170344598473.png]
[ghcampusmarket.com/product/normal-shirt.html]
[ghcampusmarket.com/images/products/normal-shirt_2504170129324932.jpg]
[ghcampusmarket.com/product/amazon-kindle-paperwhite-2.html]
[ghcampusmarket.com/images/products/amazon-kindle-paperwhite-2_2502151151511178.jpg]
[ghcampusmarket.com/product/amazon-kindle-paperwhite.html]
[ghcampusmarket.com/images/products/amazon-kindle-paperwhite_2502151151265543.jpg]
[ghcampusmarket.com/product/vodafone-mobile-broadband.html]
[ghcampusmarket.com/images/products/vodafone-mobile-broadband_2502111155214406.jpg]
[ghcampusmarket.com/product/smart-visual-ear-cleaning-device.html]
[ghcampusmarket.com/images/products/smart-visual-ear-cleaning-device_2502111149091526.jpg]
[ghcampusmarket.com/product/swift-lift.html]
[ghcampusmarket.com/images/products/swift-lift_2405310816346632.jpg]
[ghcampusmarket.com/product/oil.html]
[ghcampusmarket.com/images/products/oil_2405301015084196.jpg]
[ghcampusmarket.com/product/iphone-7-plus-128.html]
[ghcampusmarket.com/images/products/iphone-7-plus-128_2312231008582686.jpg]
[ghcampusmarket.com/product/acer-chromebook-512.html]
[ghcampusmarket.com/images/products/acer-chromebook-512_2311230151198282.jpg]
[ghcampusmarket.com/product/tiens-slimming-tea.html]
[ghcampusmarket.com/images/products/tiens-slimming-tea_2311071003363242.jpg]
[ghcampusmarket.com/product/crochet-work.html]
[ghcampusmarket.com/images/products/crochet-work_2311071000426920.jpg]
[ghcampusmarket.com/product/perfume-oils-undiluted-and-scented-luxury.html]
[ghcampusmarket.com/images/products/perfume-oils-undiluted-and-scented-luxury_2311070958183177.jpg]
[ghcampusmarket.com/product/body-philosophy-splashes.html]
[ghcampusmarket.com/images/products/body-philosophy-splashes_2311070951066239.jpg]
[ghcampusmarket.com/product/photo-framing.html]
[ghcampusmarket.com/images/products/photo-framing_2311070947247869.jpg]
[ghcampusmarket.com/product/african-clothe-line.html]
[ghcampusmarket.com/images/products/african-clothe-line_2311070942588155.jpg]
[ghcampusmarket.com/product/mug-customization.html]
[ghcampusmarket.com/images/products/mug-customization_2311070940196398.jpg]
[ghcampusmarket.com/product/glomour-s-collection-sandals-bags-hijabs-sneakers.html]
[ghcampusmarket.com/images/products/glomour-s-collection-sandals-bags-hijabs-sneakers_2311070845414324.jpg]
[ghcampusmarket.com/product/sneakers-hoodies-bola-design-jeans.html]
[ghcampusmarket.com/images/products/sneakers-hoodies-bola-design-jeans_2311070834308986.jpg]
[ghcampusmarket.com/product/iphone-14-pro-max-256gig.html]
[ghcampusmarket.com/images/products/iphone-14-pro-max-256gig_2309131125111109.jpg]
[ghcampusmarket.com/product/beaded-bags-5.html]
[ghcampusmarket.com/images/products/beaded-bags-5_2309110827047738.jpg]
[ghcampusmarket.com/search.html]
[ghcampusmarket.com/privacy-policy.html]
[ghcampusmarket.com/terms-of-use.html]
[ghcampusmarket.com/faqs.html]
[ghcampusmarket.com/images/banner/banner_1.png]
[ghcampusmarket.com/forgot-password.html]
[ghcampusmarket.com/auth/facebook]
[ghcampusmarket.com/auth/facebook]
[ghcampusmarket.com/auth/google]
[ghcampusmarket.com/frontend/js/jquery-3.6.0.min.js]
[ghcampusmarket.com/frontend/js/popper.min.js]
[ghcampusmarket.com/frontend/js/bootstrap.bundle.min.js]
[ghcampusmarket.com/frontend/js/feather-icon/feather.min.js]
[ghcampusmarket.com/frontend/js/feather-icon/feather-icon.js]
[ghcampusmarket.com/frontend/js/wow.min.js]
[ghcampusmarket.com/frontend/js/typed.min.js]
[ghcampusmarket.com/frontend/js/typed.js]
[ghcampusmarket.com/frontend/js/bootstrap-notify.min.js]
[ghcampusmarket.com/frontend/js/script.js]
[ghcampusmarket.com/toastr/build/toastr.min.js]
[ghcampusmarket.com/user/favourite]
[ghcampusmarket.com/index.html]
[ghcampusmarket.com/frontend/css/animate.css]
[ghcampusmarket.com/frontend/images/ajax-loader.gif]
[ghcampusmarket.com/frontend/css/dropzone-spritemap.html]
[ghcampusmarket.com/frontend/css/bootstrap.css]
[ghcampusmarket.com/frontend/images/effect.png]
[ghcampusmarket.com/frontend/images/layout/1.jpg]
[ghcampusmarket.com/frontend/images/layout/2.jpg]
[ghcampusmarket.com/frontend/images/property/1.jpg]
[ghcampusmarket.com/frontend/images/feature/1.jpg]
[ghcampusmarket.com/frontend/images/5.jpg]
[ghcampusmarket.com/frontend/images/arrow.png]
[ghcampusmarket.com/frontend/images/testimonial/1.jpg]
[ghcampusmarket.com/frontend/images/testimonial/4.jpg]
[ghcampusmarket.com/frontend/images/banner-6.jpg]
[ghcampusmarket.com/frontend/images/footer-bg.jpg]
[ghcampusmarket.com/frontend/images/banner-2.jpg]
[ghcampusmarket.com/frontend/images/others/video-bg.png]
[ghcampusmarket.com/frontend/images/others/subscribe-bg.jpg]
[ghcampusmarket.com/frontend/images/property/9.jpg]
[ghcampusmarket.com/frontend/images/parallax-1.jpg]
[ghcampusmarket.com/frontend/images/blog/2.jpg]
[ghcampusmarket.com/frontend/images/blog/1.jpg]
[ghcampusmarket.com/frontend/images/inner-pages/coming-soon.jpg]
[ghcampusmarket.com/frontend/images/parallax/3.jpg]
[ghcampusmarket.com/frontend/images/shape.png]
[ghcampusmarket.com/frontend/images/others/snow.png]
[ghcampusmarket.com/frontend/images/others/snow2.png]
[ghcampusmarket.com/frontend/images/8.jpg]
[ghcampusmarket.com/frontend/images/6.jpg]
[ghcampusmarket.com/frontend/images/banner-3.jpg]
[ghcampusmarket.com/frontend/images/others/bg-layout8.png]
[ghcampusmarket.com/frontend/css/color1.css]
[ghcampusmarket.com/frontend/css/style.css]
[ghcampusmarket.com/toastr/build/toastr.min.css]
[ghcampusmarket.com/frontend/images/mobile-bg.png]
[ghcampusmarket.com/add-product]
[ghcampusmarket.com/user/change-password]
[ghcampusmarket.com/user/change-password]
[ghcampusmarket.com/user/change-password]
[ghcampusmarket.com/add-product]
[ghcampusmarket.com/auth/facebook]
[ghcampusmarket.com/auth/facebook]
[ghcampusmarket.com/auth/google]
[ghcampusmarket.com/auth/facebook]
[ghcampusmarket.com/auth/facebook]
[ghcampusmarket.com/auth/google]
[ghcampusmarket.com/frontend/js/login.js]
[ghcampusmarket.com/login.html]
[ghcampusmarket.com/add-product]
[ghcampusmarket.com/user/change-password]
[ghcampusmarket.com/user/change-password]
[ghcampusmarket.com/user/change-password]
[ghcampusmarket.com/add-product]
[ghcampusmarket.com/auth/facebook]
[ghcampusmarket.com/auth/google]
[ghcampusmarket.com/auth/facebook]
[ghcampusmarket.com/auth/facebook]
[ghcampusmarket.com/auth/google]
[ghcampusmarket.com/register.html]
[ghcampusmarket.com/add-product]
[ghcampusmarket.com/user/change-password]
[ghcampusmarket.com/user/change-password]
[ghcampusmarket.com/user/change-password]
[ghcampusmarket.com/add-product]
[ghcampusmarket.com/category/laptops.html]
[ghcampusmarket.com/category/laptop-accessories.html]
[ghcampusmarket.com/category/computer-components.html]
[ghcampusmarket.com/category/keyboards-and-mouse.html]
[ghcampusmarket.com/category/external-hard-drives.html]
[ghcampusmarket.com/category/software.html]
[ghcampusmarket.com/category/modem.html]
[ghcampusmarket.com/category/routers.html]
[ghcampusmarket.com/product/dell-latitude-7490-intel-core-i5-8th-gen.html]
[ghcampusmarket.com/images/products/dell-latitude-7490-intel-core-i5-8th-gen_2309080231511591.jpg]
[ghcampusmarket.com/product/gaming-lenovo-ideapad.html]
[ghcampusmarket.com/images/products/gaming-lenovo-ideapad_2309080227339345.jpg]
[ghcampusmarket.com/product/lenovo-ideapad.html]
[ghcampusmarket.com/images/products/lenovo-ideapad_2309080225128374.jpg]
[ghcampusmarket.com/product/convertible-360-2-in-1dell-inspiron.html]
[ghcampusmarket.com/images/products/convertible-360-2-in-1dell-inspiron_2309080222205058.jpg]
[ghcampusmarket.com/product/hp-probook-x360-convertible-laptop.html]
[ghcampusmarket.com/images/products/hp-probook-x360-convertible-laptop_2309080218576067.jpg]
[ghcampusmarket.com/product/lenovo-ideapad-300-15ibr.html]
[ghcampusmarket.com/images/products/lenovo-ideapad-300-15ibr_2309080217151126.jpg]
[ghcampusmarket.com/product/hp-pavilion-gaming-laptop.html]
[ghcampusmarket.com/images/products/hp-pavilion-gaming-laptop_2309080213379293.jpg]
[ghcampusmarket.com/product/hp-elite-x2-1012-g1-detachable-laptop.html]
[ghcampusmarket.com/images/products/hp-elite-x2-1012-g1-detachable-laptop_2309080208458349.jpg]
[ghcampusmarket.com/product/apple-macbook-pro-late-2013-model.html]
[ghcampusmarket.com/images/products/apple-macbook-pro-late-2013-model_2309080202453780.jpg]
[ghcampusmarket.com/product/hp-15-laptop.html]
[ghcampusmarket.com/images/products/hp-15-laptop_2309050446386118.jpg]
[ghcampusmarket.com/product/hp-pavilion-15-laptop.html]
[ghcampusmarket.com/images/products/hp-pavilion-15-laptop_2309050443054995.jpg]
[ghcampusmarket.com/product/lenovo-yoga-x360.html]
[ghcampusmarket.com/images/products/lenovo-yoga-x360_2309050438384829.jpg]
[ghcampusmarket.com/product/asus-rog-strix-12th-gen-laptop.html]
[ghcampusmarket.com/images/products/asus-rog-strix-12th-gen-laptop_2309050432463196.jpg]
[ghcampusmarket.com/product/microsoft-surface-book-gaming-laptop.html]
[ghcampusmarket.com/images/products/microsoft-surface-book-gaming-laptop_2309050425335898.jpg]
[ghcampusmarket.com/product/hp-elitebook-840-g3-core-i7-6th-gen.html]
[ghcampusmarket.com/images/products/hp-elitebook-840-g3-core-i7-6th-gen_2307310724495184.jpg]
[ghcampusmarket.com/product/hp-notebook-15-core-i3-10th-gen-laptop.html]
[ghcampusmarket.com/images/products/hp-notebook-15-core-i3-10th-gen-laptop_2307310714489490.jpg]
[ghcampusmarket.com/product/asus-vivobook-q5-laptop.html]
[ghcampusmarket.com/images/products/asus-vivobook-q5-laptop_2307310704355639.jpg]
[ghcampusmarket.com/product/hp-elitebook-840-i5-8th-gen.html]
[ghcampusmarket.com/images/products/hp-elitebook-840-i5-8th-gen_2307280638472318.jpg]
[ghcampusmarket.com/auth/facebook]
[ghcampusmarket.com/auth/facebook]
[ghcampusmarket.com/auth/google]
[ghcampusmarket.com/category/computers-and-accessories.html]
[ghcampusmarket.com/add-product]
[ghcampusmarket.com/user/change-password]
[ghcampusmarket.com/user/change-password]
[ghcampusmarket.com/user/change-password]
[ghcampusmarket.com/add-product]
[ghcampusmarket.com/category/smartphones.html]
[ghcampusmarket.com/category/iphones.html]
[ghcampusmarket.com/category/tablet.html]
[ghcampusmarket.com/category/smart-watches-trackers.html]
[ghcampusmarket.com/category/phone-cases.html]
[ghcampusmarket.com/category/power-banks.html]
[ghcampusmarket.com/category/airpods.html]
[ghcampusmarket.com/product/silicon-naruto-phone-case-for-iphones.html]
[ghcampusmarket.com/images/products/silicon-naruto-phone-case-for-iphones_2308300927047169.jpg]
[ghcampusmarket.com/product/iphone-11-pro-256gb.html]
[ghcampusmarket.com/images/products/iphone-11-pro-256gb_2308300923035540.jpg]
[ghcampusmarket.com/product/m10-wireless-finger-touch-control-airpod.html]
[ghcampusmarket.com/images/products/m10-wireless-finger-touch-control-airpod_2308290315466363.jpg]
[ghcampusmarket.com/product/iphone-14-pro-max-physical-sim-factory-unlock.html]
[ghcampusmarket.com/images/products/iphone-14-pro-max-physical-sim-factory-unlock_2308250649118987.jpg]
[ghcampusmarket.com/product/iphone-8-2.html]
[ghcampusmarket.com/images/products/iphone-8-2_2308250636356712.jpg]
[ghcampusmarket.com/product/iphone-14-pro-256-factory-unlocked.html]
[ghcampusmarket.com/images/products/iphone-14-pro-256-factory-unlocked_2307310652236626.jpg]
[ghcampusmarket.com/product/iphone-12-pro-max-128-factory-unlocked.html]
[ghcampusmarket.com/images/products/iphone-12-pro-max-128-factory-unlocked_2307310647145050.jpg]
[ghcampusmarket.com/product/iphone-13-128gb.html]
[ghcampusmarket.com/images/products/iphone-13-128gb_2307281132247324.jpg]
[ghcampusmarket.com/product/se-2nd-generation.html]
[ghcampusmarket.com/images/products/se-2nd-generation_2307280645161812.jpg]
[ghcampusmarket.com/product/iphone-6-16gig-factory-unlock.html]
[ghcampusmarket.com/images/products/iphone-6-16gig-factory-unlock_2307280642208042.jpg]
[ghcampusmarket.com/product/iphone-11-pro-max-256gig-factory-unlock-bh88.html]
[ghcampusmarket.com/images/products/iphone-11-pro-max-256gig-factory-unlock-bh88_2307270143039576.jpg]
[ghcampusmarket.com/product/lenovo-lp40-tws-earbuds.html]
[ghcampusmarket.com/images/products/lenovo-lp40-tws-earbuds_2304220230558087.jpg]
[ghcampusmarket.com/product/iphone-13.html]
[ghcampusmarket.com/images/products/iphone-13_2304180337296335.jpg]
[ghcampusmarket.com/product/iphone-11pro-max.html]
[ghcampusmarket.com/images/products/iphone-11pro-max_2304180334182390.jpg]
[ghcampusmarket.com/product/iphone-x-uk-used-unlocked.html]
[ghcampusmarket.com/images/products/iphone-x-uk-used-unlocked_2304180328246779.jpg]
[ghcampusmarket.com/product/iphone-8-uk-used-unlocked.html]
[ghcampusmarket.com/images/products/iphone-8-uk-used-unlocked_2304180319584769.jpg]
[ghcampusmarket.com/auth/facebook]
[ghcampusmarket.com/auth/facebook]
[ghcampusmarket.com/auth/google]
[ghcampusmarket.com/category/phones-accessories.html]
[ghcampusmarket.com/add-product]
[ghcampusmarket.com/user/change-password]
[ghcampusmarket.com/user/change-password]
[ghcampusmarket.com/user/change-password]
[ghcampusmarket.com/add-product]
[ghcampusmarket.com/category/clothing.html]
[ghcampusmarket.com/category/dresses.html]
[ghcampusmarket.com/category/shirts.html]
[ghcampusmarket.com/category/t-shirts.html]
[ghcampusmarket.com/category/shorts.html]
[ghcampusmarket.com/category/jeans.html]
[ghcampusmarket.com/category/panties.html]
[ghcampusmarket.com/category/traditional-cultural-wear.html]
[ghcampusmarket.com/category/shoes.html]
[ghcampusmarket.com/category/sneakers.html]
[ghcampusmarket.com/category/slippers.html]
[ghcampusmarket.com/category/sandals.html]
[ghcampusmarket.com/category/brogues.html]
[ghcampusmarket.com/category/watches.html]
[ghcampusmarket.com/category/jewelry.html]
[ghcampusmarket.com/category/beaded-jewelry.html]
[ghcampusmarket.com/category/earrings.html]
[ghcampusmarket.com/category/rings-2.html]
[ghcampusmarket.com/category/bags.html]
[ghcampusmarket.com/category/handbags.html]
[ghcampusmarket.com/category/shoulder-bags.html]
[ghcampusmarket.com/category/school-bags.html]
[ghcampusmarket.com/category/sunglasses.html]
[ghcampusmarket.com/product/beaded-bags-4.html]
[ghcampusmarket.com/images/products/beaded-bags-4_2309110823037028.jpg]
[ghcampusmarket.com/product/ladies-bags-for-sale.html]
[ghcampusmarket.com/images/products/ladies-bags-for-sale_2308300946043485.jpg]
[ghcampusmarket.com/product/quality-dresses-from-adore.html]
[ghcampusmarket.com/images/products/quality-dresses-from-adore_2308300940514635.jpg]
[ghcampusmarket.com/product/quality-side-bags.html]
[ghcampusmarket.com/images/products/quality-side-bags_2308291115246230.jpg]
[ghcampusmarket.com/product/essentials-top-and-down.html]
[ghcampusmarket.com/images/products/essentials-top-and-down_2308291106479261.jpg]
[ghcampusmarket.com/product/ankara-print-shirt.html]
[ghcampusmarket.com/images/products/ankara-print-shirt_2308291101026086.jpg]
[ghcampusmarket.com/product/well-done-shorts.html]
[ghcampusmarket.com/images/products/well-done-shorts_2308290943391838.jpg]
[ghcampusmarket.com/product/quality-thrift-t-shirts.html]
[ghcampusmarket.com/images/products/quality-thrift-t-shirts_2308290941014672.jpg]
[ghcampusmarket.com/product/t500-smart-watch.html]
[ghcampusmarket.com/images/products/t500-smart-watch_2308250716059768.jpg]
[ghcampusmarket.com/product/optical-frames-2.html]
[ghcampusmarket.com/images/products/optical-frames-2_2308250712006757.jpg]
[ghcampusmarket.com/product/afro-wig.html]
[ghcampusmarket.com/images/products/afro-wig_2308250708149097.jpg]
[ghcampusmarket.com/product/beautiful-jewelries-for-sale.html]
[ghcampusmarket.com/images/products/beautiful-jewelries-for-sale_2308250653315068.jpg]
[ghcampusmarket.com/product/earrings-set.html]
[ghcampusmarket.com/images/products/earrings-set_2308140723032599.jpg]
[ghcampusmarket.com/product/crochet-mesh-sweater.html]
[ghcampusmarket.com/images/products/crochet-mesh-sweater_2308140654572866.png]
[ghcampusmarket.com/auth/facebook]
[ghcampusmarket.com/auth/facebook]
[ghcampusmarket.com/auth/google]
[ghcampusmarket.com/category/fashion.html]
[ghcampusmarket.com/frontend/css/magnific-popup.css]
[ghcampusmarket.com/add-product]
[ghcampusmarket.com/user/change-password]
[ghcampusmarket.com/user/change-password]
[ghcampusmarket.com/user/change-password]
[ghcampusmarket.com/add-product]
[ghcampusmarket.com/images/products/wig-braids_2302160907191118.jpg]
[ghcampusmarket.com/images/products/wig-braids_2302160907193748.jpg]
[ghcampusmarket.com/product/press-on-nails.html]
[ghcampusmarket.com/images/products/press-on-nails_2301311233358388.png]
[ghcampusmarket.com/add-product.162.delayed]
[ghcampusmarket.com/auth/facebook]
[ghcampusmarket.com/auth/facebook]
[ghcampusmarket.com/auth/google]
[ghcampusmarket.com/frontend/js/slick.js]
[ghcampusmarket.com/frontend/js/slick-animation.min.js]
[ghcampusmarket.com/frontend/js/custom-slick.js]
[ghcampusmarket.com/frontend/js/jquery.magnific-popup.js]
[ghcampusmarket.com/frontend/js/zoom-gallery.js]
[ghcampusmarket.com/frontend/js/zoom-gallery-multiple.js]
[ghcampusmarket.com/product/wig-braids.html]
[ghcampusmarket.com/user/change-password]
[ghcampusmarket.com/user/change-password]
[ghcampusmarket.com/user/change-password]
[ghcampusmarket.com/product/leather-slippers.html]
[ghcampusmarket.com/images/products/leather-slippers_2303180830412522.jpg]
[ghcampusmarket.com/product/birkenstock-2.html]
[ghcampusmarket.com/images/products/birkenstock-2_2303150808036521.jpg]
[ghcampusmarket.com/product/ladies-slippers.html]
[ghcampusmarket.com/images/products/ladies-slippers_2301270808204617.jpg]
[ghcampusmarket.com/images/profiles/user-avatar.png]
[ghcampusmarket.com/auth/facebook]
[ghcampusmarket.com/auth/facebook]
[ghcampusmarket.com/auth/google]
[ghcampusmarket.com/product/original-hermes-slippers.html]
[ghcampusmarket.com/images/products/tiens-zinc-capsules_2309050414073209.jpg]
[ghcampusmarket.com/images/products/tiens-zinc-capsules_2309050414076138.jpg]
[ghcampusmarket.com/images/products/tiens-zinc-capsules_2309050414079615.jpg]
[ghcampusmarket.com/product/tiens-antilipemic-tea.html]
[ghcampusmarket.com/images/products/tiens-antilipemic-tea_2309050412069753.jpg]
[ghcampusmarket.com/auth/facebook]
[ghcampusmarket.com/auth/facebook]
[ghcampusmarket.com/auth/google]
[ghcampusmarket.com/product/tiens-zinc-capsules.html]
[ghcampusmarket.com/product/bedsheet-4-in-1.html]
[ghcampusmarket.com/images/products/bedsheet-4-in-1_2307310618062676.jpg]
[ghcampusmarket.com/product/classic-tops-9.html]
[ghcampusmarket.com/images/products/classic-tops-9_2302081052496104.jpg]
[ghcampusmarket.com/product/classic-tops-8.html]
[ghcampusmarket.com/images/products/classic-tops-8_2302081051365214.jpg]
[ghcampusmarket.com/product/classic-tops-6.html]
[ghcampusmarket.com/images/products/classic-tops-6_2302081049006356.jpg]
[ghcampusmarket.com/product/classic-tops-5.html]
[ghcampusmarket.com/images/products/classic-tops-5_2302081047076721.jpg]
[ghcampusmarket.com/product/classic-tops-4.html]
[ghcampusmarket.com/images/products/classic-tops-4_2302081045085441.jpg]
[ghcampusmarket.com/auth/facebook]
[ghcampusmarket.com/auth/facebook]
[ghcampusmarket.com/auth/google]
[ghcampusmarket.com/product/classic-tops-7.html]
[ghcampusmarket.com/auth/facebook]
[ghcampusmarket.com/auth/facebook]
[ghcampusmarket.com/auth/google]
[ghcampusmarket.com/product/keyboard-and-mouse.html]
[ghcampusmarket.com/images/old/20190819060806pmcbsE2.jpg]
[ghcampusmarket.com/product/iphone-6plus.html]
[ghcampusmarket.com/images/old/20191106015941pmcbs9C333535-10E0-4858-B610-61A85971E3AC.jpg]
[ghcampusmarket.com/product/airpods-2-1.html]
[ghcampusmarket.com/images/old/20191031033704pmcbsCB426DB5-D470-4F3A-AEC5-97CAB064A517.jpg]
[ghcampusmarket.com/product/iphone-8.html]
[ghcampusmarket.com/images/old/20191020104322amcbs7ADDB825-40D9-4D64-A31A-669615D0339B.jpg]
[ghcampusmarket.com/product/samsung-a70.html]
[ghcampusmarket.com/images/old/20191016045918pmcbsIMG-20191009-WA0038.jpg]
[ghcampusmarket.com/product/perfect-man-phones-and-accessories.html]
[ghcampusmarket.com/images/old/20190929054858amcbsIMG-20190711-WA0001.jpg]
[ghcampusmarket.com/product/spiral-cord-wraps.html]
[ghcampusmarket.com/images/old/20190917071129amcbsIMG_20190910_120314_719.jpg]
[ghcampusmarket.com/images/old/profiles/profilepic2.png]
[ghcampusmarket.com/auth/facebook]
[ghcampusmarket.com/auth/facebook]
[ghcampusmarket.com/auth/google]
[ghcampusmarket.com/product/otg-adapter-for-android-phones-2.html]
[ghcampusmarket.com/images/products/quality-men-shoe-from-anax_2304250911331475.jpg]
[ghcampusmarket.com/images/products/quality-men-shoe-from-anax_2304250911335166.jpg]
[ghcampusmarket.com/product/jordan-1-sneaker.html]
[ghcampusmarket.com/images/products/jordan-1-sneaker_2305150404573471.jpg]
[ghcampusmarket.com/product/chelsea-boots.html]
[ghcampusmarket.com/images/products/chelsea-boots_2301190312511215.jpg]
[ghcampusmarket.com/auth/facebook]
[ghcampusmarket.com/auth/facebook]
[ghcampusmarket.com/auth/google]
[ghcampusmarket.com/product/quality-men-shoe-from-anax.html]
[ghcampusmarket.com/images/old/20190921063932amcbsIMG-20190920-WA0007.jpg]
[ghcampusmarket.com/images/old/20190921063932amcbsIMG-20190914-WA0022.jpg]
[ghcampusmarket.com/images/old/20190921063932amcbsIMG-20190914-WA0019.jpg]
[ghcampusmarket.com/product/night-glow-stickers.html]
[ghcampusmarket.com/images/products/night-glow-stickers_2301140534498355.jpg]
[ghcampusmarket.com/product/slippers-and-bag.html]
[ghcampusmarket.com/images/products/slippers-and-bag_2301120854484343.jpg]
[ghcampusmarket.com/product/glade-air-refreshner.html]
[ghcampusmarket.com/images/old/20200219031641pmcbsglade-spray-air-fresheners-649053-64_1000.jpg]
[ghcampusmarket.com/product/nivea.html]
[ghcampusmarket.com/images/old/20200219031319pmcbs67495ae4005900011596new.jpg]
[ghcampusmarket.com/product/sure-men.html]
[ghcampusmarket.com/images/old/20200219031211pmcbsSure_Deodorant_Spray_Men-Williams_Racing_Special_Edition_250ml_1x6_40555106-e6fb-487c-9707-a9d4a40bdad8_x700.jpg]
[ghcampusmarket.com/product/royal-ramba.html]
[ghcampusmarket.com/images/old/20200219030842pmcbsHTB14BHraELrK1Rjy1zbq6AenFXax.jpg]
[ghcampusmarket.com/auth/facebook]
[ghcampusmarket.com/auth/facebook]
[ghcampusmarket.com/auth/google]
[ghcampusmarket.com/product/converse.html]
[ghcampusmarket.com/category/speakers.html]
[ghcampusmarket.com/category/bluetooth-speakers.html]
[ghcampusmarket.com/category/headphones.html]
[ghcampusmarket.com/category/appliances.html]
[ghcampusmarket.com/category/blenders.html]
[ghcampusmarket.com/category/rice-cookers.html]
[ghcampusmarket.com/category/fryers.html]
[ghcampusmarket.com/category/refrigerators-freezers.html]
[ghcampusmarket.com/category/kettle-heater.html]
[ghcampusmarket.com/category/gas-cooker-oven.html]
[ghcampusmarket.com/category/hot-plate.html]
[ghcampusmarket.com/category/video.html]
[ghcampusmarket.com/category/electronics.html]
[ghcampusmarket.com/category/lights.html]
[ghcampusmarket.com/product/led-strip-light.html]
[ghcampusmarket.com/images/products/led-strip-light_2308290334284771.jpg]
[ghcampusmarket.com/images/products/portable-gas-stove_2308140752556816.jpg]
[ghcampusmarket.com/product/vaccum-flask.html]
[ghcampusmarket.com/images/products/vaccum-flask_2308140748563179.jpg]
[ghcampusmarket.com/product/fufu-meat-pounding-machine-6l.html]
[ghcampusmarket.com/images/products/fufu-meat-pounding-machine-6l_2307310624138599.jpg]
[ghcampusmarket.com/product/temperature-bottle.html]
[ghcampusmarket.com/images/products/temperature-bottle_2307270147583484.jpg]
[ghcampusmarket.com/product/silver-crest-rice-cooker.html]
[ghcampusmarket.com/images/products/silver-crest-rice-cooker_2307270130176001.jpg]
[ghcampusmarket.com/product/quality-electric-frying-pan.html]
[ghcampusmarket.com/images/products/quality-electric-frying-pan_2307270126272396.jpg]
[ghcampusmarket.com/product/crest-blenders.html]
[ghcampusmarket.com/images/products/crest-blenders_2307270119302997.jpg]
[ghcampusmarket.com/product/electric-glass-kettle.html]
[ghcampusmarket.com/images/products/electric-glass-kettle_2307270109272429.jpg]
[ghcampusmarket.com/product/kenwood-unbreakable-jar-blender.html]
[ghcampusmarket.com/images/products/kenwood-unbreakable-jar-blender_2307270103074951.jpg]
[ghcampusmarket.com/product/servo-motor-high-torque.html]
[ghcampusmarket.com/images/products/servo-motor-high-torque_2305060110084058.jpg]
[ghcampusmarket.com/product/novo-electronic-hotplate-2-in-1.html]
[ghcampusmarket.com/images/products/novo-electronic-hotplate-2-in-1_2304120208338215.jpg]
[ghcampusmarket.com/product/pearl-pf-109-fridge.html]
[ghcampusmarket.com/images/products/pearl-pf-109-fridge_2304120201229810.jpg]
[ghcampusmarket.com/product/roch-rfr-135.html]
[ghcampusmarket.com/images/products/roch-rfr-135_2304120152204535.jpg]
[ghcampusmarket.com/product/nasco-fridge-nas2-12.html]
[ghcampusmarket.com/images/products/nasco-fridge-nas2-12_2304120146077031.jpg]
[ghcampusmarket.com/product/stainless-steel-double-hot-plate.html]
[ghcampusmarket.com/images/products/stainless-steel-double-hot-plate_2303020946314694.jpg]
[ghcampusmarket.com/product/delron-1-8l-kettle.html]
[ghcampusmarket.com/images/products/delron-1-8l-kettle_2303020933332770.jpg]
[ghcampusmarket.com/product/hot-plate.html]
[ghcampusmarket.com/images/products/hot-plate_2302201229316313.jpg]
[ghcampusmarket.com/product/bluetooth-speaker.html]
[ghcampusmarket.com/images/products/bluetooth-speaker_2301271111346022.jpg]
[ghcampusmarket.com/auth/facebook]
[ghcampusmarket.com/auth/facebook]
[ghcampusmarket.com/auth/google]
[ghcampusmarket.com/category/electrical-appliances.html]
[ghcampusmarket.com/category/vitamins-supplements.html]
[ghcampusmarket.com/category/weight-loss-products.html]
[ghcampusmarket.com/category/immune-system-boosters.html]
[ghcampusmarket.com/category/skincare.html]
[ghcampusmarket.com/category/body-wash-soap.html]
[ghcampusmarket.com/category/body-scrubs-exfoliation.html]
[ghcampusmarket.com/category/oral-care.html]
[ghcampusmarket.com/category/dental-care-kits.html]
[ghcampusmarket.com/category/toothpaste.html]
[ghcampusmarket.com/category/fragrances-perfumes.html]
[ghcampusmarket.com/category/tools-accessories.html]
[ghcampusmarket.com/category/hairdryers.html]
[ghcampusmarket.com/category/hair-styling-devices.html]
[ghcampusmarket.com/category/waist-trimmers.html]
[ghcampusmarket.com/category/hair-beauty.html]
[ghcampusmarket.com/category/extensions-wigs.html]
[ghcampusmarket.com/category/hair-treatments-oils.html]
[ghcampusmarket.com/category/shower-gels.html]
[ghcampusmarket.com/category/soaps.html]
[ghcampusmarket.com/category/body-sprays.html]
[ghcampusmarket.com/category/make-up.html]
[ghcampusmarket.com/category/lip-gloss.html]
[ghcampusmarket.com/product/hair-desires-hair-growth-oil.html]
[ghcampusmarket.com/images/products/hair-desires-hair-growth-oil_2309080158492862.png]
[ghcampusmarket.com/product/yaffit-s-fragrance.html]
[ghcampusmarket.com/images/products/yaffit-s-fragrance_2309050417042752.jpg]
[ghcampusmarket.com/product/hair-dryer-set.html]
[ghcampusmarket.com/images/products/hair-dryer-set_2309010321057606.jpg]
[ghcampusmarket.com/product/automatic-toothpaste-dispenser-and-toothbrush-holder.html]
[ghcampusmarket.com/images/products/automatic-toothpaste-dispenser-and-toothbrush-holder_2308301006504368.jpg]
[ghcampusmarket.com/product/kirkland-roller-biotin-rambo-beard-and-growth-home.html]
[ghcampusmarket.com/images/products/kirkland-roller-biotin-rambo-beard-and-growth-home_2308301001268575.jpg]
[ghcampusmarket.com/product/air-fresheners-reed-diffusers.html]
[ghcampusmarket.com/images/products/air-fresheners-reed-diffusers_2308300953269177.jpg]
[ghcampusmarket.com/product/mini-hair-straightener.html]
[ghcampusmarket.com/images/products/mini-hair-straightener_2308300949254498.jpg]
[ghcampusmarket.com/product/tumi-kinetic-perfume-100ml-3-4oz-and-30ml-1-0oz.html]
[ghcampusmarket.com/images/products/tumi-kinetic-perfume-100ml-3-4oz-and-30ml-1-0oz_2308291050219334.jpg]
[ghcampusmarket.com/product/korean-beauty-sheet-masks.html]
[ghcampusmarket.com/images/products/korean-beauty-sheet-masks_2308250746465751.jpg]
[ghcampusmarket.com/product/lip-oil-lipgloss.html]
[ghcampusmarket.com/images/products/lip-oil-lipgloss_2308250735269721.jpg]
[ghcampusmarket.com/product/s-a-body-goalz-2.html]
[ghcampusmarket.com/images/products/s-a-body-goalz-2_2308250730136407.jpg]
[ghcampusmarket.com/product/6-meters-waistwrap.html]
[ghcampusmarket.com/images/products/6-meters-waistwrap_2308140741125412.jpg]
[ghcampusmarket.com/product/nipple-shield.html]
[ghcampusmarket.com/images/products/nipple-shield_2308140733378955.jpg]
[ghcampusmarket.com/auth/facebook]
[ghcampusmarket.com/auth/facebook]
[ghcampusmarket.com/auth/google]
[ghcampusmarket.com/category/health-beauty.html]
[ghcampusmarket.com/category/grains.html]
[ghcampusmarket.com/category/cereals-flakes.html]
[ghcampusmarket.com/category/bread-bakery-products.html]
[ghcampusmarket.com/category/snacks.html]
[ghcampusmarket.com/category/ready-meals.html]
[ghcampusmarket.com/category/honey.html]
[ghcampusmarket.com/category/oil.html]
[ghcampusmarket.com/category/cake.html]
[ghcampusmarket.com/product/cereal.html]
[ghcampusmarket.com/images/products/cereal_2308291056143780.jpg]
[ghcampusmarket.com/product/birthday-cake.html]
[ghcampusmarket.com/images/products/birthday-cake_2308250646367796.png]
[ghcampusmarket.com/product/fresh-gari.html]
[ghcampusmarket.com/images/products/fresh-gari_2308140712439040.jpg]
[ghcampusmarket.com/product/locally-made-coconut-oil.html]
[ghcampusmarket.com/images/products/locally-made-coconut-oil_2307280626487668.jpg]
[ghcampusmarket.com/product/organic-honey.html]
[ghcampusmarket.com/images/products/organic-honey_2307271251104265.jpg]
[ghcampusmarket.com/product/samosa-10pcs-frozen.html]
[ghcampusmarket.com/images/products/samosa-10pcs-frozen_2304140223143165.jpg]
[ghcampusmarket.com/product/cake-in-cup.html]
[ghcampusmarket.com/images/products/cake-in-cup_2304140218517124.jpg]
[ghcampusmarket.com/product/frozen-spring-rolls-samosas-money-bags.html]
[ghcampusmarket.com/images/products/frozen-spring-rolls-samosas-money-bags_2303200404013191.jpg]
[ghcampusmarket.com/product/fruit-and-vegetable-seeds.html]
[ghcampusmarket.com/images/products/fruit-and-vegetable-seeds_2302130156135313.jpg]
[ghcampusmarket.com/product/fried-rice-4.html]
[ghcampusmarket.com/images/products/fried-rice-4_2301100125362869.jpg]
[ghcampusmarket.com/product/cakya-s-special-shito.html]
[ghcampusmarket.com/images/old/20210209021634amcbsB75E5F80-2867-4169-96B7-E4D84B1C611E.jpg]
[ghcampusmarket.com/product/flat-tummy-tea.html]
[ghcampusmarket.com/images/old/20201005014007pmcbsIMG-20200909-WA0065.jpg]
[ghcampusmarket.com/product/vicky-shito.html]
[ghcampusmarket.com/images/old/20200313102204pmcbsIMG-20200313-WA0033.jpg]
[ghcampusmarket.com/product/abnaba-s-tombrown.html]
[ghcampusmarket.com/images/old/20191016075930amcbsE72AE8B7-0823-44CF-927B-28B8086079C3.jpg]
[ghcampusmarket.com/product/chopped-kontomire.html]
[ghcampusmarket.com/images/old/20191007074950pmcbsIMG-20190927-WA0018.jpg]
[ghcampusmarket.com/product/the-egg-market.html]
[ghcampusmarket.com/images/old/20190927022543pmcbs20190813_125916_0000.png]
[ghcampusmarket.com/product/redorshito.html]
[ghcampusmarket.com/images/old/20190919051538pmcbsD2BACA02-2A5F-480C-ACEF-170B5866B3C5.jpg]
[ghcampusmarket.com/product/street-cakes.html]
[ghcampusmarket.com/images/old/20190926092132pmcbsIMG-20190923-WA0041.jpg]
[ghcampusmarket.com/product/eggs.html]
[ghcampusmarket.com/images/old/20190925063908pmcbsIMG-20190925-WA0020.jpg]
[ghcampusmarket.com/auth/facebook]
[ghcampusmarket.com/auth/facebook]
[ghcampusmarket.com/auth/google]
[ghcampusmarket.com/category/foods-groceries.html]
[ghcampusmarket.com/category/calculators.html]
[ghcampusmarket.com/category/other.html]
[ghcampusmarket.com/product/scientific-calculator-casio.html]
[ghcampusmarket.com/images/products/scientific-calculator-casio_2301251221315644.jpg]
[ghcampusmarket.com/product/data-bundles.html]
[ghcampusmarket.com/images/products/data-bundles_2301201221426983.jpg]
[ghcampusmarket.com/auth/facebook]
[ghcampusmarket.com/auth/facebook]
[ghcampusmarket.com/auth/google]
[ghcampusmarket.com/category/education-books.html]
[ghcampusmarket.com/category/furnitures.html]
[ghcampusmarket.com/category/tables.html]
[ghcampusmarket.com/category/wardrobes.html]
[ghcampusmarket.com/category/room-for-sale-rent.html]
[ghcampusmarket.com/product/double-door-wardrobe.html]
[ghcampusmarket.com/images/products/double-door-wardrobe_2304140305571204.png]
[ghcampusmarket.com/product/3-bedroom-unfurnished-apartment-for-rent-at-abelemkpe.html]
[ghcampusmarket.com/images/products/3-bedroom-unfurnished-apartment-for-rent-at-abelemkpe_2301200556128956.png]
[ghcampusmarket.com/product/2-bedroom-furnished-penthouse-for-rent-at-east-legon.html]
[ghcampusmarket.com/images/products/2-bedroom-furnished-penthouse-for-rent-at-east-legon_2301200510033288.jpg]
[ghcampusmarket.com/product/multipurpose-foldable-table.html]
[ghcampusmarket.com/images/products/multipurpose-foldable-table_2301200214269203.jpg]
[ghcampusmarket.com/product/single-roone-self-contain-for-rent.html]
[ghcampusmarket.com/images/products/single-roone-self-contain-for-rent_2301130301472877.jpg]
[ghcampusmarket.com/auth/facebook.29c.delayed]
[ghcampusmarket.com/auth/google]
[ghcampusmarket.com/category/hostel-furniture.html]
[ghcampusmarket.com/product/cars-bicycles-motor-bikes.html]
[ghcampusmarket.com/images/old/20191111122809pmcbs5402baf42d8ac.image.jpg]
[ghcampusmarket.com/auth/google]
[ghcampusmarket.com/category/vehicle-cycles.html]
[ghcampusmarket.com/category/sports-equipment.html]
[ghcampusmarket.com/category/arts-crafts.html]
[ghcampusmarket.com/product/picture-frames.html]
[ghcampusmarket.com/images/products/picture-frames_2308300932336459.jpg]
[ghcampusmarket.com/product/jersey-2.html]
[ghcampusmarket.com/images/products/jersey-2_2301240516355409.jpg]
[ghcampusmarket.com/product/jersey.html]
[ghcampusmarket.com/images/products/jersey_2301240514263449.jpg]
[ghcampusmarket.com/product/electronic-watch-button-led-bracelet-watch.html]
[ghcampusmarket.com/product/xbox-one-wireless-controller.html]
[ghcampusmarket.com/images/old/20191118012148pmcbsxbox 1 controller.png]
[ghcampusmarket.com/product/xbox-360.html]
[ghcampusmarket.com/images/old/20191016105628amcbs7875F9E9-E015-4BE6-9F19-2010A821DBCD.jpg]
[ghcampusmarket.com/product/roller.html]
[ghcampusmarket.com/images/old/20191005021045amcbs4.jpg]
[ghcampusmarket.com/product/waist-trainer.html]
[ghcampusmarket.com/images/old/20191005015912amcbsdert.jpg]
[ghcampusmarket.com/auth/google]
[ghcampusmarket.com/category/art-sports-hobbies.html]
[ghcampusmarket.com/product/final-year-student-project.html]
[ghcampusmarket.com/images/products/final-year-student-project_2303250829185924.jpg]
[ghcampusmarket.com/product/20-plots-of-land-for-sale.html]
[ghcampusmarket.com/images/old/20200512054907pmcbs824_land_for_sale_1-1-d.jpg]
[ghcampusmarket.com/product/bitcoin-and-other-cryptocurrencies-bitcoin-cash-litecoin.html]
[ghcampusmarket.com/images/old/20200306060142pmcbsbtc1.jpg]
[ghcampusmarket.com/product/students-sales-agents-needed-on-campus.html]
[ghcampusmarket.com/images/old/20191112091424pmcbsECF-boeing-logo.png]
[ghcampusmarket.com/product/tooth-gel.html]
[ghcampusmarket.com/images/old/20190919114314pmcbs71smaDRQkhL._SL1500_.jpg]
[ghcampusmarket.com/product/delivery-service.html]
[ghcampusmarket.com/images/old/20190917060639pmcbs20190729_214711.jpg]
[ghcampusmarket.com/product/birth-certificate-passport.html]
[ghcampusmarket.com/images/old/20190821123630pmcbs3o3bpd6nuabb2llli.jpg]
[ghcampusmarket.com/auth/google]
[ghcampusmarket.com/category/jobs-services.html]
[ghcampusmarket.com/auth/google]
[ghcampusmarket.com/category/events.html]
[ghcampusmarket.com/auth/google]
[ghcampusmarket.com/product/normal-shirt.html]
[ghcampusmarket.com/images/products/amazon-kindle-paperwhite-2_2502151151524578.jpg]
[ghcampusmarket.com/images/products/amazon-kindle-paperwhite-2_2502151151523707.jpg]
[ghcampusmarket.com/auth/google.2e3.delayed]
[ghcampusmarket.com/product/amazon-kindle-paperwhite-2.html]
[ghcampusmarket.com/images/products/amazon-kindle-paperwhite_2502151151271501.jpg]
[ghcampusmarket.com/images/products/amazon-kindle-paperwhite_2502151151274175.jpg]
[ghcampusmarket.com/product/amazon-kindle-paperwhite.html]
[ghcampusmarket.com/images/products/vodafone-mobile-broadband_2502111155214852.jpg]
[ghcampusmarket.com/product/vodafone-mobile-broadband.html]
[ghcampusmarket.com/images/products/smart-visual-ear-cleaning-device_2502111149091462.jpg]
[ghcampusmarket.com/images/products/smart-visual-ear-cleaning-device_2502111149106395.jpg]
[ghcampusmarket.com/product/smart-visual-ear-cleaning-device.html]
[ghcampusmarket.com/images/products/swift-lift_2405310816344571.jpg]
[ghcampusmarket.com/images/products/swift-lift_2405310816344582.jpg]
[ghcampusmarket.com/product/swift-lift.html]
[ghcampusmarket.com/images/products/oil_2405301015086705.jpg]
[ghcampusmarket.com/product/oil.html]
[ghcampusmarket.com/images/products/iphone-7-plus-128_2312231008586342.jpg]
[ghcampusmarket.com/images/products/iphone-7-plus-128_2312231008584042.jpg]
[ghcampusmarket.com/images/products/iphone-7-plus-128_2312231008594504.jpg]
[ghcampusmarket.com/product/iphone-7-plus-128.html]
[ghcampusmarket.com/product/laptop-sticker.html]
[ghcampusmarket.com/images/products/laptop-sticker_2307270116179020.jpg]
[ghcampusmarket.com/product/acer-chromebook-512.html]
[ghcampusmarket.com/images/products/tiens-slimming-tea_2311071003364572.jpg]
[ghcampusmarket.com/images/products/tiens-slimming-tea_2311071003362311.jpg]
[ghcampusmarket.com/product/tiens-slimming-tea.html]
[ghcampusmarket.com/product/crochet-work.html]
[ghcampusmarket.com/images/products/perfume-oils-undiluted-and-scented-luxury_2311070958186443.jpg]
[ghcampusmarket.com/images/products/perfume-oils-undiluted-and-scented-luxury_2311070958196584.jpg]
[ghcampusmarket.com/product/loris-car-freshener-10ml.html]
[ghcampusmarket.com/images/products/loris-car-freshener-10ml_2303230228469360.jpg]
[ghcampusmarket.com/product/loris-room-diffuser-air-freshener.html]
[ghcampusmarket.com/images/products/loris-room-diffuser-air-freshener_2303221049032402.jpg]
[ghcampusmarket.com/product/terkzo-court.html]
[ghcampusmarket.com/images/products/terkzo-court_2301200831461824.jpg]
[ghcampusmarket.com/product/perfume-oils-undiluted-and-scented-luxury.html]
[ghcampusmarket.com/images/products/body-philosophy-splashes_2311070951068796.jpg]
[ghcampusmarket.com/product/possess-the-secret-eau-de-parfum.html]
[ghcampusmarket.com/images/products/possess-the-secret-eau-de-parfum_2304260407014159.jpg]
[ghcampusmarket.com/product/body-philosophy-splashes.html]
[ghcampusmarket.com/images/products/photo-framing_2311070947254953.jpg]
[ghcampusmarket.com/images/products/photo-framing_2311070947258921.jpg]
[ghcampusmarket.com/product/photo-framing.html]
[ghcampusmarket.com/product/african-clothe-line.html]
[ghcampusmarket.com/images/products/mug-customization_2311070940206275.jpg]
[ghcampusmarket.com/images/products/mug-customization_2311070940209809.jpg]
[ghcampusmarket.com/product/mug-customization.html]
[ghcampusmarket.com/images/products/glomour-s-collection-sandals-bags-hijabs-sneakers_2311070845414161.jpg]
[ghcampusmarket.com/product/glomour-s-collection-sandals-bags-hijabs-sneakers.html]
[ghcampusmarket.com/product/sneakers-hoodies-bola-design-jeans.html]
[ghcampusmarket.com/images/products/iphone-14-pro-max-256gig_2309131125111482.jpg]
[ghcampusmarket.com/images/products/iphone-14-pro-max-256gig_2309131125117617.jpg]
[ghcampusmarket.com/images/products/iphone-14-pro-max-256gig_2309131125115065.jpg]
[ghcampusmarket.com/product/iphone-14-pro-max-256gig.html]
[ghcampusmarket.com/images/products/beaded-bags-5_2309110827051751.jpg]
[ghcampusmarket.com/images/products/beaded-bags-5_2309110827058155.jpg]
[ghcampusmarket.com/images/products/beaded-bags-5_2309110827052716.jpg]
[ghcampusmarket.com/product/beaded-bags-3.html]
[ghcampusmarket.com/images/products/beaded-bags-3_2307120801154630.jpg]
[ghcampusmarket.com/product/beaded-bags-2.html]
[ghcampusmarket.com/images/products/beaded-bags-2_2306131212087284.jpg]
[ghcampusmarket.com/product/beaded-bags.html]
[ghcampusmarket.com/images/products/beaded-bags_2306131053366327.jpg]
[ghcampusmarket.com/product/beaded-bags-5.html]
[ghcampusmarket.com/search.html]
[ghcampusmarket.com/privacy-policy.html]
[ghcampusmarket.com/terms-of-use.html]
[ghcampusmarket.com/faqs.html]
[ghcampusmarket.com/images/banner/banner.png]
[ghcampusmarket.com/forgot-password.html]
[ghcampusmarket.com/user/favourite.html]
[ghcampusmarket.com/latest-ads.html]
[ghcampusmarket.com/frontend/css/dropzone-spritemap.html]
[ghcampusmarket.com/product/hp-pavilion-15-core-i5-12th-gen.html]
[ghcampusmarket.com/images/products/hp-pavilion-15-core-i5-12th-gen_2305131147451518.jpg]
[ghcampusmarket.com/product/asus-vivobook-15-gaming.html]
[ghcampusmarket.com/category/laptops.html]
[ghcampusmarket.com/images/products/asus-vivobook-15-gaming_2304140243343503.jpg]
[ghcampusmarket.com/product/laptop-stickers.html]
[ghcampusmarket.com/category/laptop-accessories.html]
[ghcampusmarket.com/images/products/laptop-stickers_2301271107283867.jpg]
[ghcampusmarket.com/product/arduino-uno-r3-development-starter-kit.html]
[ghcampusmarket.com/images/products/arduino-uno-r3-development-starter-kit_2304220236185415.jpg]
[ghcampusmarket.com/product/hardrive.html]
[ghcampusmarket.com/images/products/hardrive_2301271053132690.jpg]
[ghcampusmarket.com/product/game-pad.html]
[ghcampusmarket.com/images/products/game-pad_2301271046251309.jpg]
[ghcampusmarket.com/product/instagram-account-1k-followers.html]
[ghcampusmarket.com/images/products/instagram-account-1k-followers_2301171150522560.jpg]
[ghcampusmarket.com/product/otg-adapter-for-android-phones.html]
[ghcampusmarket.com/images/old/20190809095914pmcbsE1.jpg]
[ghcampusmarket.com/category/computer-components.html]
[ghcampusmarket.com/category/keyboards-and-mouse.html]
[ghcampusmarket.com/category/external-hard-drives.html]
[ghcampusmarket.com/category/software.html]
[ghcampusmarket.com/category/modem.html]
[ghcampusmarket.com/product/mtn-turbo-net.html]
[ghcampusmarket.com/category/routers.html]
[ghcampusmarket.com/images/products/mtn-turbo-net_2304210313145731.jpg]
[ghcampusmarket.com/images/products/dell-latitude-7490-intel-core-i5-8th-gen_2309080231515107.jpg]
[ghcampusmarket.com/images/products/dell-latitude-7490-intel-core-i5-8th-gen_2309080231513665.jpg]
[ghcampusmarket.com/product/dell-latitude-7490-intel-core-i5-8th-gen.html]
[ghcampusmarket.com/images/products/gaming-lenovo-ideapad_2309080227333796.jpg]
[ghcampusmarket.com/images/products/gaming-lenovo-ideapad_2309080227332956.jpg]
[ghcampusmarket.com/product/gaming-lenovo-ideapad.html]
[ghcampusmarket.com/images/products/lenovo-ideapad_2309080225133681.jpg]
[ghcampusmarket.com/product/lenovo-ideapad.html]
[ghcampusmarket.com/images/products/convertible-360-2-in-1dell-inspiron_2309080222208866.jpg]
[ghcampusmarket.com/images/products/convertible-360-2-in-1dell-inspiron_2309080222207744.jpg]
[ghcampusmarket.com/images/products/convertible-360-2-in-1dell-inspiron_2309080222215489.jpg]
[ghcampusmarket.com/product/convertible-360-2-in-1dell-inspiron.html]
[ghcampusmarket.com/images/products/hp-probook-x360-convertible-laptop_2309080218579123.jpg]
[ghcampusmarket.com/product/hp-envy-x360-1tb-hdd-12gb-ram-core-i5-8th-gen-keypad-light-touchscreen.html]
[ghcampusmarket.com/images/old/20190212122346amcbsScreenshot (145]
[ghcampusmarket.com/product/hp-probook-x360-convertible-laptop.html]
[ghcampusmarket.com/images/products/lenovo-ideapad-300-15ibr_2309080217157802.jpg]
[ghcampusmarket.com/images/products/lenovo-ideapad-300-15ibr_2309080217155072.jpg]
[ghcampusmarket.com/product/lenovo-ideapad-300-15ibr.html]
[ghcampusmarket.com/images/products/hp-pavilion-gaming-laptop_2309080213378882.jpg]
[ghcampusmarket.com/images/products/hp-pavilion-gaming-laptop_2309080213372820.jpg]
[ghcampusmarket.com/images/products/hp-pavilion-gaming-laptop_2309080213374483.jpg]
[ghcampusmarket.com/product/hp-pavilion-gaming-laptop.html]
[ghcampusmarket.com/images/products/hp-elite-x2-1012-g1-detachable-laptop_2309080208452731.jpg]
[ghcampusmarket.com/images/products/hp-elite-x2-1012-g1-detachable-laptop_2309080208458268.jpg]
[ghcampusmarket.com/product/hp-elite-x2-1012-g1-detachable-laptop.html]
[ghcampusmarket.com/images/products/apple-macbook-pro-late-2013-model_2309080202453829.jpg]
[ghcampusmarket.com/product/apple-macbook-pro-late-2013-model.html]
[ghcampusmarket.com/images/products/hp-15-laptop_2309050446387572.jpg]
[ghcampusmarket.com/images/products/hp-15-laptop_2309050446384272.jpg]
[ghcampusmarket.com/images/products/hp-15-laptop_2309050446382383.jpg]
[ghcampusmarket.com/product/hp-15-laptop.html]
[ghcampusmarket.com/images/products/hp-pavilion-15-laptop_2309050443058459.jpg]
[ghcampusmarket.com/images/products/hp-pavilion-15-laptop_2309050443056548.jpg]
[ghcampusmarket.com/product/hp-pavilion-15-laptop.html]
[ghcampusmarket.com/images/products/lenovo-yoga-x360_2309050438389908.jpg]
[ghcampusmarket.com/images/products/lenovo-yoga-x360_2309050438381718.jpg]
[ghcampusmarket.com/images/products/lenovo-yoga-x360_2309050438389219.jpg]
[ghcampusmarket.com/product/lenovo-yoga-x360.html]
[ghcampusmarket.com/images/products/asus-rog-strix-12th-gen-laptop_2309050432462368.jpg]
[ghcampusmarket.com/images/products/asus-rog-strix-12th-gen-laptop_2309050432462013.jpg]
[ghcampusmarket.com/images/products/asus-rog-strix-12th-gen-laptop_2309050432463005.jpg]
[ghcampusmarket.com/images/products/asus-rog-strix-12th-gen-laptop_2309050432469950.jpg]
[ghcampusmarket.com/product/asus-rog-strix-12th-gen-laptop.html]
[ghcampusmarket.com/images/products/microsoft-surface-book-gaming-laptop_2309050425345213.jpg]
[ghcampusmarket.com/images/products/microsoft-surface-book-gaming-laptop_2309050425342232.jpg]
[ghcampusmarket.com/images/products/microsoft-surface-book-gaming-laptop_2309050425346759.jpg]
[ghcampusmarket.com/product/microsoft-surface-book-gaming-laptop.html]
[ghcampusmarket.com/images/products/hp-elitebook-840-g3-core-i7-6th-gen_2307310724496658.jpg]
[ghcampusmarket.com/images/products/hp-elitebook-840-g3-core-i7-6th-gen_2307310724493901.jpg]
[ghcampusmarket.com/images/products/hp-elitebook-840-g3-core-i7-6th-gen_2307310724494934.jpg]
[ghcampusmarket.com/product/hp-elitebook-840-g3-core-i7-6th-gen.html]
[ghcampusmarket.com/images/products/hp-notebook-15-core-i3-10th-gen-laptop_2307310714484639.jpg]
[ghcampusmarket.com/images/products/hp-notebook-15-core-i3-10th-gen-laptop_2307310714486167.jpg]
[ghcampusmarket.com/images/products/hp-notebook-15-core-i3-10th-gen-laptop_2307310714486298.jpg]
[ghcampusmarket.com/product/hp-notebook-15-core-i3-10th-gen-laptop.html]
[ghcampusmarket.com/images/products/asus-vivobook-q5-laptop_2307310704352333.jpg]
[ghcampusmarket.com/images/products/asus-vivobook-q5-laptop_2307310704356042.jpg]
[ghcampusmarket.com/product/asus-vivobook-q5-laptop.html]
[ghcampusmarket.com/images/products/hp-elitebook-840-i5-8th-gen_2307280638472398.jpg]
[ghcampusmarket.com/images/products/hp-elitebook-840-i5-8th-gen_2307280638477241.jpg]
[ghcampusmarket.com/product/hp-elitebook-840-i5-8th-gen.html]
[ghcampusmarket.com/product/samsung-s6.html]
[ghcampusmarket.com/images/products/samsung-s6_2302120342049768.jpg]
[ghcampusmarket.com/category/smartphones.html]
[ghcampusmarket.com/product/iphone-7-plus-uk-used-unlocked.html]
[ghcampusmarket.com/images/products/iphone-7-plus-uk-used-unlocked_2304180314525711.jpg]
[ghcampusmarket.com/product/iphone-7-uk-used-unlocked.html]
[ghcampusmarket.com/images/products/iphone-7-uk-used-unlocked_2304180301197040.jpg]
[ghcampusmarket.com/product/iphone-11-64-gig-with-crack.html]
[ghcampusmarket.com/images/products/iphone-11-64-gig-with-crack_2301260929298172.jpg]
[ghcampusmarket.com/product/apple-airpods-3.html]
[ghcampusmarket.com/images/products/apple-airpods-3_2301250705415653.jpg]
[ghcampusmarket.com/product/iphone-7.html]
[ghcampusmarket.com/images/products/iphone-7_2301171122338736.jpg]
[ghcampusmarket.com/category/iphones.html]
[ghcampusmarket.com/category/tablet.html]
[ghcampusmarket.com/product/apple-watch-series-3.html]
[ghcampusmarket.com/category/smart-watches-trackers.html]
[ghcampusmarket.com/category/phone-cases.html]
[ghcampusmarket.com/images/products/apple-watch-series-3_2301230817557590.jpg]
[ghcampusmarket.com/product/power-bank.html]
[ghcampusmarket.com/category/power-banks.html]
[ghcampusmarket.com/images/products/power-bank_2302201231125888.jpg]
[ghcampusmarket.com/product/oraimo-riff-oeb-e02d-wireless-earbuds.html]
[ghcampusmarket.com/images/products/oraimo-riff-oeb-e02d-wireless-earbuds_2304170146549043.jpg]
[ghcampusmarket.com/product/pro-5s-airpod.html]
[ghcampusmarket.com/images/products/pro-5s-airpod_2304170144232260.jpg]
[ghcampusmarket.com/product/oraimo-freepods-pro.html]
[ghcampusmarket.com/images/products/oraimo-freepods-pro_2304170142464656.jpg]
[ghcampusmarket.com/product/tws-wireless-airpods.html]
[ghcampusmarket.com/images/products/tws-wireless-airpods_2304170137451101.jpg]
[ghcampusmarket.com/product/m90-pro-gaming-earbuds.html]
[ghcampusmarket.com/images/products/m90-pro-gaming-earbuds_2304170125047492.jpg]
[ghcampusmarket.com/product/airpod-holder.html]
[ghcampusmarket.com/category/airpods.html]
[ghcampusmarket.com/images/products/airpod-holder_2301271109187296.jpg]
[ghcampusmarket.com/images/products/silicon-naruto-phone-case-for-iphones_2308300927043792.jpg]
[ghcampusmarket.com/images/products/silicon-naruto-phone-case-for-iphones_2308300927048720.jpg]
[ghcampusmarket.com/images/products/silicon-naruto-phone-case-for-iphones_2308300927041657.jpg]
[ghcampusmarket.com/product/silicon-naruto-phone-case-for-iphones.html]
[ghcampusmarket.com/images/products/iphone-11-pro-256gb_2308300923048544.jpg]
[ghcampusmarket.com/product/iphone-11-pro-256gb.html]
[ghcampusmarket.com/images/products/m10-wireless-finger-touch-control-airpod_2308290315478448.jpg]
[ghcampusmarket.com/images/products/m10-wireless-finger-touch-control-airpod_2308290315478768.jpg]
[ghcampusmarket.com/images/products/m10-wireless-finger-touch-control-airpod_2308290315475274.jpg]
[ghcampusmarket.com/images/products/m10-wireless-finger-touch-control-airpod_2308290315477563.jpg]
[ghcampusmarket.com/product/m10-wireless-finger-touch-control-airpod.html]
[ghcampusmarket.com/product/iphone-14-pro-max-physical-sim-factory-unlock.html]
[ghcampusmarket.com/images/products/iphone-8-2_2308250636353309.jpg]
[ghcampusmarket.com/images/products/iphone-8-2_2308250636355059.jpg]
[ghcampusmarket.com/images/products/iphone-8-2_2308250636358867.jpg]
[ghcampusmarket.com/product/iphone-8-2.html]
[ghcampusmarket.com/product/iphone-14-pro-256-factory-unlocked.html]
[ghcampusmarket.com/product/iphone-12-pro-max-128-factory-unlocked.html]
[ghcampusmarket.com/images/products/iphone-13-128gb_2307281132248102.jpg]
[ghcampusmarket.com/images/products/iphone-13-128gb_2307281132241070.jpg]
[ghcampusmarket.com/product/iphone-13-128gb.html]
[ghcampusmarket.com/product/se-2nd-generation.html]
[ghcampusmarket.com/images/products/iphone-6-16gig-factory-unlock_2307280642201475.jpg]
[ghcampusmarket.com/product/iphone-6-16gig-factory-unlock.html]
[ghcampusmarket.com/product/iphone-11-pro-max-256gig-factory-unlock-bh88.html]
[ghcampusmarket.com/images/products/lenovo-lp40-tws-earbuds_2304220230554333.jpg]
[ghcampusmarket.com/images/products/lenovo-lp40-tws-earbuds_2304220230566637.jpg]
[ghcampusmarket.com/images/products/lenovo-lp40-tws-earbuds_2304220230569702.jpg]
[ghcampusmarket.com/product/lenovo-lp40-tws-earbuds.html]
[ghcampusmarket.com/product/iphone-13.html]
[ghcampusmarket.com/images/products/iphone-11pro-max_2304180334183690.jpg]
[ghcampusmarket.com/product/iphone-11pro-max.html]
[ghcampusmarket.com/images/products/iphone-x-uk-used-unlocked_2304180328242080.jpg]
[ghcampusmarket.com/images/products/iphone-x-uk-used-unlocked_2304180328245524.jpg]
[ghcampusmarket.com/product/iphone-x-uk-used-unlocked.html]
[ghcampusmarket.com/product/iphone-8-uk-used-unlocked.html]
[ghcampusmarket.com/product/quality-polo-long-sleeve-shirt-available.html]
[ghcampusmarket.com/images/products/quality-polo-long-sleeve-shirt-available_2308080114029847.jpg]
[ghcampusmarket.com/product/quality-men-lacoste.html]
[ghcampusmarket.com/images/products/quality-men-lacoste_2308080108369056.jpg]
[ghcampusmarket.com/product/original-shirt-for-men.html]
[ghcampusmarket.com/images/products/original-shirt-for-men_2308011155262578.jpg]
[ghcampusmarket.com/product/original-turkish-lacoste.html]
[ghcampusmarket.com/images/products/clothes_2307111027025636.jpg]
[ghcampusmarket.com/product/ladies-3-pieces-outfit.html]
[ghcampusmarket.com/images/products/ladies-3-pieces-outfit_2303220150425565.jpg]
[ghcampusmarket.com/product/ladies-outfit-5.html]
[ghcampusmarket.com/images/products/ladies-outfit-5_2303220139269691.jpg]
[ghcampusmarket.com/product/ladies-dress-4.html]
[ghcampusmarket.com/images/products/ladies-dress-4_2303220138102074.jpg]
[ghcampusmarket.com/category/clothing.html]
[ghcampusmarket.com/product/ladies-dress-2.html]
[ghcampusmarket.com/images/products/ladies-dress-2_2303220114015154.jpg]
[ghcampusmarket.com/product/ladies-outfit-2.html]
[ghcampusmarket.com/images/products/ladies-outfit-2_2302170349163190.jpg]
[ghcampusmarket.com/product/220.html]
[ghcampusmarket.com/images/products/220_2302170344386934.jpg]
[ghcampusmarket.com/product/ladies-outfit.html]
[ghcampusmarket.com/images/products/ladies-outfit_2302170340235412.jpg]
[ghcampusmarket.com/product/ladies-dress.html]
[ghcampusmarket.com/images/products/ladies-dress_2302170324292839.jpg]
[ghcampusmarket.com/product/ladies-wear.html]
[ghcampusmarket.com/images/products/ladies-wear_2302130606492688.jpg]
[ghcampusmarket.com/product/ladies-dresses.html]
[ghcampusmarket.com/images/products/ladies-dresses_2302030229177187.jpg]
[ghcampusmarket.com/product/laddies-dresses.html]
[ghcampusmarket.com/category/dresses.html]
[ghcampusmarket.com/images/products/laddies-dresses_2302030220585000.jpg]
[ghcampusmarket.com/product/men-s-top-wears.html]
[ghcampusmarket.com/images/products/men-s-top-wears_2301250956193114.jpg]
[ghcampusmarket.com/product/shirts.html]
[ghcampusmarket.com/category/shirts.html]
[ghcampusmarket.com/images/products/shirts_2301240810597691.jpg]
[ghcampusmarket.com/product/t-shirts-5.html]
[ghcampusmarket.com/category/t-shirts.html]
[ghcampusmarket.com/category/shorts.html]
[ghcampusmarket.com/images/products/t-shirts-5_2301240947393264.jpg]
[ghcampusmarket.com/product/design-and-plain-stock-jeans.html]
[ghcampusmarket.com/images/products/design-and-plain-stock-jeans_2301190517204605.jpg]
[ghcampusmarket.com/category/jeans.html]
[ghcampusmarket.com/product/trousers.html]
[ghcampusmarket.com/images/products/trousers_2301180935162128.jpg]
[ghcampusmarket.com/category/panties.html]
[ghcampusmarket.com/category/traditional-cultural-wear.html]
[ghcampusmarket.com/product/men-classic-leather-shoes.html]
[ghcampusmarket.com/images/products/men-classic-leather-shoes_2304220249261224.jpg]
[ghcampusmarket.com/product/nike-sneakers.html]
[ghcampusmarket.com/images/products/nike-sneakers_2304220242497629.jpg]
[ghcampusmarket.com/product/executive-shor.html]
[ghcampusmarket.com/images/products/executive-shor_2303071050097912.jpg]
[ghcampusmarket.com/product/adidas-zx-750.html]
[ghcampusmarket.com/images/products/adidas-zx-750_2303040452272405.jpg]
[ghcampusmarket.com/product/jordan-4-sneaker.html]
[ghcampusmarket.com/images/products/jordan-4-sneaker_2303010453092507.jpg]
[ghcampusmarket.com/product/nike-shoes.html]
[ghcampusmarket.com/images/products/nike-shoes_2303010411513281.jpg]
[ghcampusmarket.com/product/apparels-sandals-heels.html]
[ghcampusmarket.com/product/jordan-4.html]
[ghcampusmarket.com/images/products/jordan-4_2302090340025718.jpg]
[ghcampusmarket.com/product/heels-3.html]
[ghcampusmarket.com/images/products/heels-3_2302030649214325.jpg]
[ghcampusmarket.com/product/ladies-slippers-2.html]
[ghcampusmarket.com/images/products/ladies-slippers-2_2302030212011235.jpg]
[ghcampusmarket.com/product/ladies-footwear.html]
[ghcampusmarket.com/images/products/ladies-footwear_2302030201335175.jpg]
[ghcampusmarket.com/product/sandals-and-slippers.html]
[ghcampusmarket.com/images/products/sandals-and-slippers_2301290252339136.jpg]
[ghcampusmarket.com/product/stiletto-heel.html]
[ghcampusmarket.com/images/products/stiletto-heel_2301270828127049.jpg]
[ghcampusmarket.com/product/high-heel.html]
[ghcampusmarket.com/category/shoes.html]
[ghcampusmarket.com/images/products/high-heel_2301230842182368.jpg]
[ghcampusmarket.com/product/sneakers-2.html]
[ghcampusmarket.com/images/products/sneakers-2_2301200857279585.png]
[ghcampusmarket.com/product/balanciaga.html]
[ghcampusmarket.com/images/products/balanciaga_2301190306237657.jpg]
[ghcampusmarket.com/product/retro-jondan.html]
[ghcampusmarket.com/images/products/retro-jondan_2301171245252774.jpg]
[ghcampusmarket.com/product/jordan-11.html]
[ghcampusmarket.com/category/sneakers.html]
[ghcampusmarket.com/category/slippers.html]
[ghcampusmarket.com/category/sandals.html]
[ghcampusmarket.com/category/brogues.html]
[ghcampusmarket.com/images/products/jordan-11_2301150848592865.jpg]
[ghcampusmarket.com/product/wrist-watch.html]
[ghcampusmarket.com/category/watches.html]
[ghcampusmarket.com/images/products/wrist-watch_2301271105339622.jpg]
[ghcampusmarket.com/product/customized-bracelet.html]
[ghcampusmarket.com/images/products/customized-bracelet_2307281114299510.jpg]
[ghcampusmarket.com/product/sparkle-love-beads.html]
[ghcampusmarket.com/images/products/sparkle-love-beads_2307281108536160.jpg]
[ghcampusmarket.com/product/wooden-adinkra-earrings.html]
[ghcampusmarket.com/images/products/wooden-adinkra-earrings_2305310917339342.jpg]
[ghcampusmarket.com/product/hairband.html]
[ghcampusmarket.com/images/products/hairband_2303010424126452.jpg]
[ghcampusmarket.com/product/customised-bracelets.html]
[ghcampusmarket.com/images/products/customised-bracelets_2302010818392599.jpg]
[ghcampusmarket.com/category/jewelry.html]
[ghcampusmarket.com/category/beaded-jewelry.html]
[ghcampusmarket.com/category/earrings.html]
[ghcampusmarket.com/product/locally-made-wedding-rings-3-set-14k-3g.html]
[ghcampusmarket.com/images/products/locally-made-wedding-rings-3-set-14k-3g_2303010429196758.jpg]
[ghcampusmarket.com/category/rings-2.html]
[ghcampusmarket.com/product/waterproof-backpacks-bags.html]
[ghcampusmarket.com/images/products/waterproof-backpacks-bags_2308081244219674.jpg]
[ghcampusmarket.com/product/zag-bag.html]
[ghcampusmarket.com/images/products/zag-bag_2307281124224509.jpg]
[ghcampusmarket.com/product/tote-bags.html]
[ghcampusmarket.com/images/products/tote-bags_2303220144233854.jpg]
[ghcampusmarket.com/product/handbags.html]
[ghcampusmarket.com/images/products/handbags_2302251119385649.jpg]
[ghcampusmarket.com/product/croc-shoulder-bag.html]
[ghcampusmarket.com/images/products/croc-shoulder-bag_2302251259215234.jpg]
[ghcampusmarket.com/product/underwear-bags.html]
[ghcampusmarket.com/images/products/underwear-bags_2301200217529940.jpg]
[ghcampusmarket.com/product/handmade-crochet-bag.html]
[ghcampusmarket.com/category/bags.html]
[ghcampusmarket.com/category/handbags.html]
[ghcampusmarket.com/category/shoulder-bags.html]
[ghcampusmarket.com/category/school-bags.html]
[ghcampusmarket.com/images/products/handmade-crochet-bag_2301181234248512.jpg]
[ghcampusmarket.com/product/optical-frames.html]
[ghcampusmarket.com/images/products/optical-frames_2307270134329911.jpg]
[ghcampusmarket.com/product/blue-light-glasses-3.html]
[ghcampusmarket.com/category/sunglasses.html]
[ghcampusmarket.com/images/products/blue-light-glasses-3_2303140930385869.jpg]
[ghcampusmarket.com/images/products/beaded-bags-4_2309110823033728.jpg]
[ghcampusmarket.com/product/beaded-bags-4.html]
[ghcampusmarket.com/images/products/ladies-bags-for-sale_2308300946047870.jpg]
[ghcampusmarket.com/images/products/ladies-bags-for-sale_2308300946053767.jpg]
[ghcampusmarket.com/images/products/ladies-bags-for-sale_2308300946054800.jpg]
[ghcampusmarket.com/product/ladies-bags-for-sale.html]
[ghcampusmarket.com/images/products/quality-dresses-from-adore_2308300940512726.jpg]
[ghcampusmarket.com/images/products/quality-dresses-from-adore_2308300940516773.jpg]
[ghcampusmarket.com/images/products/quality-dresses-from-adore_2308300940514270.jpg]
[ghcampusmarket.com/images/products/quality-dresses-from-adore_2308300940518396.jpg]
[ghcampusmarket.com/product/ladies-2-pieces-outfit-2.html]
[ghcampusmarket.com/images/products/ladies-2-pieces-outfit-2_2303220137018558.jpg]
[ghcampusmarket.com/product/ladies-dress-3.html]
[ghcampusmarket.com/images/products/ladies-dress-3_2303220135252400.jpg]
[ghcampusmarket.com/product/ladies-outfit-4.html]
[ghcampusmarket.com/images/products/ladies-outfit-4_2303220132564788.jpg]
[ghcampusmarket.com/product/quality-dresses-from-adore.html]
[ghcampusmarket.com/images/products/quality-side-bags_2308291115249427.jpg]
[ghcampusmarket.com/product/quality-side-bags.html]
[ghcampusmarket.com/images/products/essentials-top-and-down_2308291106474323.jpg]
[ghcampusmarket.com/product/essentials-top-and-down.html]
[ghcampusmarket.com/images/products/ankara-print-shirt_2308291101037096.jpg]
[ghcampusmarket.com/product/ankara-print-shirt.html]
[ghcampusmarket.com/product/well-done-shorts.html]
[ghcampusmarket.com/images/products/quality-thrift-t-shirts_2308290941018184.jpg]
[ghcampusmarket.com/images/products/quality-thrift-t-shirts_2308290941014974.jpg]
[ghcampusmarket.com/images/products/quality-thrift-t-shirts_2308290941019766.jpg]
[ghcampusmarket.com/images/products/quality-thrift-t-shirts_2308290941022253.jpg]
[ghcampusmarket.com/product/quality-thrift-t-shirts.html]
[ghcampusmarket.com/images/products/t500-smart-watch_2308250716058088.jpg]
[ghcampusmarket.com/images/products/t500-smart-watch_2308250716059400.jpg]
[ghcampusmarket.com/product/t500-smart-watch.html]
[ghcampusmarket.com/images/products/optical-frames-2_2308250712006867.jpg]
[ghcampusmarket.com/images/products/optical-frames-2_2308250712004458.jpg]
[ghcampusmarket.com/images/products/optical-frames-2_2308250712008085.jpg]
[ghcampusmarket.com/images/products/optical-frames-2_2308250712017248.jpg]
[ghcampusmarket.com/product/optical-frames-2.html]
[ghcampusmarket.com/product/afro-wig.html]
[ghcampusmarket.com/images/products/beautiful-jewelries-for-sale_2308250653312412.jpg]
[ghcampusmarket.com/product/beautiful-jewelries-for-sale.html]
[ghcampusmarket.com/images/products/earrings-set_2308140723038080.jpg]
[ghcampusmarket.com/images/products/earrings-set_2308140723039782.jpg]
[ghcampusmarket.com/images/products/earrings-set_2308140723033070.jpg]
[ghcampusmarket.com/images/products/earrings-set_2308140723034067.jpg]
[ghcampusmarket.com/product/earrings-set.html]
[ghcampusmarket.com/images/products/crochet-mesh-sweater_2308140654589042.png]
[ghcampusmarket.com/product/crochet-mesh-sweater.html]
[ghcampusmarket.com/frontend/css/magnific-popup.css]
[ghcampusmarket.com/images/products/wig-braids_2302160907205362.jpg]
[ghcampusmarket.com/images/products/press-on-nails_2301311233359787.jpg]
[ghcampusmarket.com/images/products/press-on-nails_2301311233358331.jpg]
[ghcampusmarket.com/images/products/press-on-nails_2301311233353214.jpg]
[ghcampusmarket.com/images/products/press-on-nails_2301311233363994.jpg]
[ghcampusmarket.com/product/press-on-nails.html]
[ghcampusmarket.com/get-more-feedback/987af3d0-9c4a-45d9-937e-f32aa6133e10.html]
[ghcampusmarket.com/product/leather-slippers.html]
[ghcampusmarket.com/images/products/birkenstock-2_2303150808034223.jpg]
[ghcampusmarket.com/images/products/birkenstock-2_2303150808035409.jpg]
[ghcampusmarket.com/images/products/birkenstock-2_2303150808037582.jpg]
[ghcampusmarket.com/product/birkenstock-2.html]
[ghcampusmarket.com/images/products/ladies-slippers_2301270808203880.jpg]
[ghcampusmarket.com/images/products/ladies-slippers_2301270808201957.jpg]
[ghcampusmarket.com/images/products/ladies-slippers_2301270808201782.jpg]
[ghcampusmarket.com/images/products/ladies-slippers_2301270808207559.jpg]
[ghcampusmarket.com/images/products/ladies-slippers_2301270808202900.jpg]
[ghcampusmarket.com/images/products/ladies-slippers_2301270808207911.jpg]
[ghcampusmarket.com/images/products/ladies-slippers_2301270808207079.jpg]
[ghcampusmarket.com/product/ladies-slippers.html]
[ghcampusmarket.com/get-more-feedback/98bfb575-111e-4a13-a19d-0c5cfb26b24f.html]
[ghcampusmarket.com/images/products/tiens-antilipemic-tea_2309050412067064.jpg]
[ghcampusmarket.com/user/change-password]
[ghcampusmarket.com/images/products/tiens-antilipemic-tea_2309050412062562.jpg]
[ghcampusmarket.com/images/products/tiens-antilipemic-tea_2309050412064009.jpg]
[ghcampusmarket.com/product/tiens-antilipemic-tea.html]
[ghcampusmarket.com/get-more-feedback/9a0fe442-3aeb-4370-92ba-f5651a1228b3.html]
[ghcampusmarket.com/images/products/bedsheet-4-in-1_2307310618069932.jpg]
[ghcampusmarket.com/images/products/bedsheet-4-in-1_2307310618068504.jpg]
[ghcampusmarket.com/product/classic-tops-3.html]
[ghcampusmarket.com/images/products/classic-tops-3_2302081044084477.jpg]
[ghcampusmarket.com/product/classic-tops-2.html]
[ghcampusmarket.com/images/products/classic-tops-2_2302081043036827.jpg]
[ghcampusmarket.com/product/bedsheet-4-in-1.html]
[ghcampusmarket.com/product/classic-tops-9.html]
[ghcampusmarket.com/product/classic-tops-8.html]
[ghcampusmarket.com/product/classic-tops-6.html]
[ghcampusmarket.com/product/classic-tops-5.html]
[ghcampusmarket.com/product/classic-tops-4.html]
[ghcampusmarket.com/get-more-feedback/986c0231-d0da-475e-ae9d-9da4211e6822.html]
[ghcampusmarket.com/get-more-feedback/9852e070-3bb7-484f-83e7-c70c11b23055.html]
[ghcampusmarket.com/images/old/20191106015941pmcbs16C1AA49-DD80-4FC8-8F22-5DCF6245E4A7.jpg]
[ghcampusmarket.com/images/old/20191106015941pmcbs8370DC5C-621B-474F-BCBE-DDE514ABD8BE.jpg]
[ghcampusmarket.com/product/energizer-phone.html]
[ghcampusmarket.com/images/old/20191015103606pmcbsIMG-20191015-WA0018.jpg]
[ghcampusmarket.com/product/iphone-6plus.html]
[ghcampusmarket.com/product/airpods-2-1.html]
[ghcampusmarket.com/images/old/20191020104322amcbs8791640D-FBA0-4CF8-AAEE-5F98C78CFAC0.jpg]
[ghcampusmarket.com/product/iphone-8.html]
[ghcampusmarket.com/images/old/20191016045918pmcbsIMG-20191009-WA0037.jpg]
[ghcampusmarket.com/images/old/20191016045918pmcbsIMG-20191009-WA0039.jpg]
[ghcampusmarket.com/images/old/profiles/20191016045146pmcbsmmexport1570643211013.jpg]
[ghcampusmarket.com/product/samsung-a70.html]
[ghcampusmarket.com/images/old/20190929054858amcbsIMG-20190925-WA0114.jpg]
[ghcampusmarket.com/images/old/20190929054858amcbsIMG-20190708-WA0013.jpg]
[ghcampusmarket.com/images/old/20190929054858amcbsIMG-20190927-WA0093.jpg]
[ghcampusmarket.com/images/old/20190929054858amcbsIMG-20190925-WA0097.jpg]
[ghcampusmarket.com/images/old/profiles/20190929053019amcbsIMG-20190715-WA0044.jpg]
[ghcampusmarket.com/product/perfect-man-phones-and-accessories.html]
[ghcampusmarket.com/images/old/20190917071129amcbsIMG-20190502-WA0013.jpg]
[ghcampusmarket.com/images/old/20190917071129amcbsIMG-20190831-WA0005.jpg]
[ghcampusmarket.com/product/spiral-cord-wraps.html]
[ghcampusmarket.com/get-more-feedback/982bedd4-fa1f-4cda-8cec-92612cf132eb.html]
[ghcampusmarket.com/images/products/jordan-1-sneaker_2305150404578527.jpg]
[ghcampusmarket.com/images/products/jordan-1-sneaker_2305150404577901.jpg]
[ghcampusmarket.com/product/jordan-1-sneaker.html]
[ghcampusmarket.com/product/chelsea-boots.html]
[ghcampusmarket.com/get-more-feedback/9903c03f-d486-424b-95f2-c717c8656e6c.html]
[ghcampusmarket.com/images/old/20190921063932amcbsIMG-20190914-WA0020.jpg]
[ghcampusmarket.com/product/smart-perfume.html]
[ghcampusmarket.com/images/old/20200219030650pmcbsSmart-Collection-SMART-COLLECTION-EDT-PERFUME-For-MEN_4972341_ef3ad1ead37efcd14ee811fea746fd70_t.jpg]
[ghcampusmarket.com/product/night-glow-stickers.html]
[ghcampusmarket.com/images/products/slippers-and-bag_2301120854489840.jpg]
[ghcampusmarket.com/images/products/slippers-and-bag_2301120854489638.jpg]
[ghcampusmarket.com/images/products/slippers-and-bag_2301120854487167.jpg]
[ghcampusmarket.com/images/products/slippers-and-bag_2301120854483854.jpg]
[ghcampusmarket.com/images/products/slippers-and-bag_2301120854486241.jpg]
[ghcampusmarket.com/images/products/slippers-and-bag_2301120854486589.jpg]
[ghcampusmarket.com/product/slippers-and-bag.html]
[ghcampusmarket.com/images/old/profiles/20200220122915pmcbsIMG_20200130_120341.jpg]
[ghcampusmarket.com/product/glade-air-refreshner.html]
[ghcampusmarket.com/product/nivea.html]
[ghcampusmarket.com/product/sure-men.html]
[ghcampusmarket.com/product/royal-ramba.html]
[ghcampusmarket.com/get-more-feedback/982bedef-f892-4f73-b0e7-0aa9d9b1bfc3.html]
[ghcampusmarket.com/product/speaker.html]
[ghcampusmarket.com/category/speakers.html]
[ghcampusmarket.com/images/products/speaker_2301271052037323.jpg]
[ghcampusmarket.com/product/music-box.html]
[ghcampusmarket.com/images/products/music-box_2301271050284317.jpg]
[ghcampusmarket.com/category/bluetooth-speakers.html]
[ghcampusmarket.com/product/samsung-wireless-headphone.html]
[ghcampusmarket.com/images/products/samsung-wireless-headphone_2301271055089025.jpg]
[ghcampusmarket.com/category/headphones.html]
[ghcampusmarket.com/product/all-products.html]
[ghcampusmarket.com/images/products/all-products_2301241038599938.jpg]
[ghcampusmarket.com/category/appliances.html]
[ghcampusmarket.com/category/blenders.html]
[ghcampusmarket.com/category/rice-cookers.html]
[ghcampusmarket.com/category/fryers.html]
[ghcampusmarket.com/category/refrigerators-freezers.html]
[ghcampusmarket.com/category/kettle-heater.html]
[ghcampusmarket.com/category/gas-cooker-oven.html]
[ghcampusmarket.com/category/hot-plate.html]
[ghcampusmarket.com/category/video.html]
[ghcampusmarket.com/category/electronics.html]
[ghcampusmarket.com/category/lights.html]
[ghcampusmarket.com/images/products/led-strip-light_2308290334286535.jpg]
[ghcampusmarket.com/images/products/led-strip-light_2308290334286622.jpg]
[ghcampusmarket.com/images/products/led-strip-light_2308290334287948.jpg]
[ghcampusmarket.com/product/led-strip-light.html]
[ghcampusmarket.com/images/products/led-strip-light_2308290334284771.jpg]
[ghcampusmarket.com/product/vaccum-flask.html]
[ghcampusmarket.com/product/portable-gas-stove]
[ghcampusmarket.com/images/products/fufu-meat-pounding-machine-6l_2307310624138111.jpg]
[ghcampusmarket.com/images/products/fufu-meat-pounding-machine-6l_2307310624138984.jpg]
[ghcampusmarket.com/images/products/fufu-meat-pounding-machine-6l_2307310624133653.jpg]
[ghcampusmarket.com/product/fufu-meat-pounding-machine-6l.html]
[ghcampusmarket.com/product/temperature-bottle.html]
[ghcampusmarket.com/images/products/silver-crest-rice-cooker_2307270130173586.jpg]
[ghcampusmarket.com/product/silver-crest-rice-cooker.html]
[ghcampusmarket.com/images/products/quality-electric-frying-pan_2307270126273899.jpg]
[ghcampusmarket.com/images/products/quality-electric-frying-pan_2307270126279976.jpg]
[ghcampusmarket.com/product/quality-electric-frying-pan.html]
[ghcampusmarket.com/product/crest-blenders.html]
[ghcampusmarket.com/images/products/electric-glass-kettle_2307270109272782.jpg]
[ghcampusmarket.com/product/electric-glass-kettle.html]
[ghcampusmarket.com/images/products/kenwood-unbreakable-jar-blender_2307270103076766.jpg]
[ghcampusmarket.com/product/kenwood-unbreakable-jar-blender.html]
[ghcampusmarket.com/product/servo-motor-high-torque.html]
[ghcampusmarket.com/product/novo-electronic-hotplate-2-in-1.html]
[ghcampusmarket.com/product/pearl-pf-109-fridge.html]
[ghcampusmarket.com/product/roch-rfr-135.html]
[ghcampusmarket.com/images/products/nasco-fridge-nas2-12_2304120146083932.jpg]
[ghcampusmarket.com/product/nasco-fridge-nas2-12.html]
[ghcampusmarket.com/images/products/stainless-steel-double-hot-plate_2303020946318591.jpg]
[ghcampusmarket.com/product/stainless-steel-double-hot-plate.html]
[ghcampusmarket.com/images/products/delron-1-8l-kettle_2303020933331933.jpg]
[ghcampusmarket.com/images/products/delron-1-8l-kettle_2303020933333833.jpg]
[ghcampusmarket.com/product/delron-1-8l-kettle.html]
[ghcampusmarket.com/product/hot-plate.html]
[ghcampusmarket.com/product/bluetooth-speaker.html]
[ghcampusmarket.com/product/longrich-alkaline-cup.html]
[ghcampusmarket.com/images/products/longrich-alkaline-cup_2302280802263611.jpg]
[ghcampusmarket.com/product/natural-spices.html]
[ghcampusmarket.com/images/products/natural-spices_2302060802056889.jpg]
[ghcampusmarket.com/product/forever-c9-packs.html]
[ghcampusmarket.com/images/products/forever-c9-packs_2301171045527499.jpg]
[ghcampusmarket.com/category/vitamins-supplements.html]
[ghcampusmarket.com/category/weight-loss-products.html]
[ghcampusmarket.com/category/immune-system-boosters.html]
[ghcampusmarket.com/product/longrich-rejuvenating-body-lotion.html]
[ghcampusmarket.com/images/products/longrich-rejuvenating-body-lotion_2308081247199597.jpg]
[ghcampusmarket.com/product/kirkland-and-roller-for-beard-and-headline.html]
[ghcampusmarket.com/images/products/kirkland-and-roller-for-beard-and-headline_2304210539103560.jpg]
[ghcampusmarket.com/product/c21-cometics-2.html]
[ghcampusmarket.com/images/products/c21-cometics-2_2302041227553111.jpg]
[ghcampusmarket.com/product/multipurpose-balm.html]
[ghcampusmarket.com/images/products/multipurpose-balm_2301261035587411.jpg]
[ghcampusmarket.com/product/oriflame.html]
[ghcampusmarket.com/images/products/oriflame_2301240922151456.jpg]
[ghcampusmarket.com/product/dudu-osun-black-soap.html]
[ghcampusmarket.com/images/products/dudu-osun-black-soap_2301210401007702.jpg]
[ghcampusmarket.com/product/nzuri-black-soap.html]
[ghcampusmarket.com/category/skincare.html]
[ghcampusmarket.com/category/body-wash-soap.html]
[ghcampusmarket.com/category/body-scrubs-exfoliation.html]
[ghcampusmarket.com/images/products/nzuri-black-soap_2301210342275446.jpg]
[ghcampusmarket.com/product/longrich-toothpaste-3.html]
[ghcampusmarket.com/images/products/longrich-toothpaste-3_2308071207464072.jpg]
[ghcampusmarket.com/product/longrich-toothpaste-2.html]
[ghcampusmarket.com/images/products/longrich-toothpaste-2_2302081038541278.jpg]
[ghcampusmarket.com/product/longrich-mouth-fresher.html]
[ghcampusmarket.com/images/products/longrich-mouth-fresher_2302081033475943.jpg]
[ghcampusmarket.com/product/longrich-toothpaste.html]
[ghcampusmarket.com/category/oral-care.html]
[ghcampusmarket.com/category/dental-care-kits.html]
[ghcampusmarket.com/category/toothpaste.html]
[ghcampusmarket.com/images/products/longrich-toothpaste_2302080542064932.jpg]
[ghcampusmarket.com/product/ultra-compact.html]
[ghcampusmarket.com/images/products/ultra-compact_2308071202234240.jpg]
[ghcampusmarket.com/product/longrich-mosquito-repellent.html]
[ghcampusmarket.com/category/fragrances-perfumes.html]
[ghcampusmarket.com/images/products/longrich-mosquito-repellent_2302081018432567.jpg]
[ghcampusmarket.com/product/wig-stand-holder.html]
[ghcampusmarket.com/images/products/wig-stand-holder_2302251027339728.jpg]
[ghcampusmarket.com/product/portable-hairdryer.html]
[ghcampusmarket.com/images/products/portable-hairdryer_2301230927077856.jpg]
[ghcampusmarket.com/category/tools-accessories.html]
[ghcampusmarket.com/category/hairdryers.html]
[ghcampusmarket.com/category/hair-styling-devices.html]
[ghcampusmarket.com/category/waist-trimmers.html]
[ghcampusmarket.com/product/wig.html]
[ghcampusmarket.com/images/products/wig_2307280635006006.jpg]
[ghcampusmarket.com/product/kirkland-minoxidil-oil.html]
[ghcampusmarket.com/images/products/kirkland-minoxidil-oil_2303140908256734.jpg]
[ghcampusmarket.com/product/c21-cometics-8.html]
[ghcampusmarket.com/images/products/c21-cometics-8_2302040208356778.jpg]
[ghcampusmarket.com/product/c21-cometics-7.html]
[ghcampusmarket.com/images/products/c21-cometics-7_2302040206252926.jpg]
[ghcampusmarket.com/product/c21-cometics-6.html]
[ghcampusmarket.com/images/products/c21-cometics-6_2302040102278274.jpg]
[ghcampusmarket.com/product/c21-cometics-5.html]
[ghcampusmarket.com/images/products/c21-cometics-5_2302041239234337.jpg]
[ghcampusmarket.com/product/c21-cometics-4.html]
[ghcampusmarket.com/images/products/c21-cometics-4_2302041236181170.jpg]
[ghcampusmarket.com/product/c21-cometics-3.html]
[ghcampusmarket.com/images/products/c21-cometics-3_2302041234319212.jpg]
[ghcampusmarket.com/product/c21-cometics.html]
[ghcampusmarket.com/images/products/c21-cometics_2302041224426910.jpg]
[ghcampusmarket.com/product/wig-cap-2.html]
[ghcampusmarket.com/images/products/wig-cap-2_2301180857233353.jpg]
[ghcampusmarket.com/product/wig-caps.html]
[ghcampusmarket.com/images/products/wig-caps_2301180849246060.jpg]
[ghcampusmarket.com/category/hair-beauty.html]
[ghcampusmarket.com/category/extensions-wigs.html]
[ghcampusmarket.com/category/hair-treatments-oils.html]
[ghcampusmarket.com/product/jnelp-shower-gel.html]
[ghcampusmarket.com/category/shower-gels.html]
[ghcampusmarket.com/images/products/jnelp-shower-gel_2301230242594112.jpg]
[ghcampusmarket.com/product/liquid-soap-3x-more-effective.html]
[ghcampusmarket.com/images/products/liquid-soap-3x-more-effective_2307280545409463.jpg]
[ghcampusmarket.com/product/neon-beauty-soap-bleaching-kojic-plus.html]
[ghcampusmarket.com/category/soaps.html]
[ghcampusmarket.com/images/products/neon-beauty-soap-bleaching-kojic-plus_2301210415585468.jpg]
[ghcampusmarket.com/product/loris-frequence-oriental-body-spray-for-women.html]
[ghcampusmarket.com/category/body-sprays.html]
[ghcampusmarket.com/images/products/loris-frequence-oriental-body-spray-for-women_2303221152294263.jpg]
[ghcampusmarket.com/product/peolah-makeups.html]
[ghcampusmarket.com/category/make-up.html]
[ghcampusmarket.com/category/lip-gloss.html]
[ghcampusmarket.com/images/products/peolah-makeups_2301311237038515.png]
[ghcampusmarket.com/images/products/hair-desires-hair-growth-oil_2309080158502746.png]
[ghcampusmarket.com/images/products/hair-desires-hair-growth-oil_2309080158518850.png]
[ghcampusmarket.com/images/products/hair-desires-hair-growth-oil_2309080158525537.png]
[ghcampusmarket.com/product/hair-desires-hair-growth-oil.html]
[ghcampusmarket.com/images/products/yaffit-s-fragrance_2309050417058484.jpg]
[ghcampusmarket.com/images/products/yaffit-s-fragrance_2309050417054837.jpg]
[ghcampusmarket.com/images/products/yaffit-s-fragrance_2309050417051969.jpg]
[ghcampusmarket.com/product/yaffit-s-fragrance.html]
[ghcampusmarket.com/product/hair-dryer-set.html]
[ghcampusmarket.com/images/products/automatic-toothpaste-dispenser-and-toothbrush-holder_2308301006509990.jpg]
[ghcampusmarket.com/images/products/automatic-toothpaste-dispenser-and-toothbrush-holder_2308301006503390.jpg]
[ghcampusmarket.com/images/products/automatic-toothpaste-dispenser-and-toothbrush-holder_2308301006506847.jpg]
[ghcampusmarket.com/product/automatic-toothpaste-dispenser-and-toothbrush-holder.html]
[ghcampusmarket.com/images/products/kirkland-roller-biotin-rambo-beard-and-growth-home_2308301001266696.jpg]
[ghcampusmarket.com/images/products/kirkland-roller-biotin-rambo-beard-and-growth-home_2308301001263299.jpg]
[ghcampusmarket.com/images/products/kirkland-roller-biotin-rambo-beard-and-growth-home_2308301001261831.jpg]
[ghcampusmarket.com/images/products/kirkland-roller-biotin-rambo-beard-and-growth-home_2308301001269670.jpg]
[ghcampusmarket.com/product/kirkland-roller-biotin-rambo-beard-and-growth-home.html]
[ghcampusmarket.com/images/products/air-fresheners-reed-diffusers_2308300953265326.jpg]
[ghcampusmarket.com/images/products/air-fresheners-reed-diffusers_2308300953268665.jpg]
[ghcampusmarket.com/product/air-fresheners-reed-diffusers.html]
[ghcampusmarket.com/product/mini-hair-straightener.html]
[ghcampusmarket.com/images/products/tumi-kinetic-perfume-100ml-3-4oz-and-30ml-1-0oz_2308291050211983.jpg]
[ghcampusmarket.com/product/tumi-kinetic-perfume-100ml-3-4oz-and-30ml-1-0oz.html]
[ghcampusmarket.com/images/products/korean-beauty-sheet-masks_2308250746469658.jpg]
[ghcampusmarket.com/images/products/korean-beauty-sheet-masks_2308250746461176.jpg]
[ghcampusmarket.com/images/products/korean-beauty-sheet-masks_2308250746465058.jpg]
[ghcampusmarket.com/images/products/korean-beauty-sheet-masks_2308250746462555.jpg]
[ghcampusmarket.com/images/products/korean-beauty-sheet-masks_2308250746467528.jpg]
[ghcampusmarket.com/product/korean-beauty-sheet-masks.html]
[ghcampusmarket.com/images/products/lip-oil-lipgloss_2308250735262970.jpg]
[ghcampusmarket.com/images/products/lip-oil-lipgloss_2308250735268289.jpg]
[ghcampusmarket.com/images/products/lip-oil-lipgloss_2308250735262908.jpg]
[ghcampusmarket.com/images/products/lip-oil-lipgloss_2308250735264340.jpg]
[ghcampusmarket.com/product/lip-oil-lipgloss.html]
[ghcampusmarket.com/images/products/s-a-body-goalz-2_2308250730134277.jpg]
[ghcampusmarket.com/images/products/s-a-body-goalz-2_2308250730134379.png]
[ghcampusmarket.com/images/products/s-a-body-goalz-2_2308250730147670.png]
[ghcampusmarket.com/images/products/s-a-body-goalz-2_2308250730149002.jpg]
[ghcampusmarket.com/product/s-a-body-goalz-2.html]
[ghcampusmarket.com/images/products/6-meters-waistwrap_2308140741122532.jpg]
[ghcampusmarket.com/images/products/6-meters-waistwrap_2308140741129227.jpg]
[ghcampusmarket.com/product/6-meters-waistwrap.html]
[ghcampusmarket.com/images/products/nipple-shield_2308140733371301.jpg]
[ghcampusmarket.com/product/nipple-shield.html]
[ghcampusmarket.com/category/grains.html]
[ghcampusmarket.com/category/cereals-flakes.html]
[ghcampusmarket.com/category/bread-bakery-products.html]
[ghcampusmarket.com/category/snacks.html]
[ghcampusmarket.com/category/ready-meals.html]
[ghcampusmarket.com/category/honey.html]
[ghcampusmarket.com/category/oil.html]
[ghcampusmarket.com/category/cake.html]
[ghcampusmarket.com/images/products/cereal_2308291056146799.jpg]
[ghcampusmarket.com/images/products/cereal_2308291056148055.jpg]
[ghcampusmarket.com/images/products/cereal_2308291056145379.jpg]
[ghcampusmarket.com/images/products/cereal_2308291056149817.jpg]
[ghcampusmarket.com/product/cereal.html]
[ghcampusmarket.com/product/birthday-cake.html]
[ghcampusmarket.com/images/products/fresh-gari_2308140712431733.jpg]
[ghcampusmarket.com/product/fresh-gari.html]
[ghcampusmarket.com/product/locally-made-coconut-oil.html]
[ghcampusmarket.com/images/products/organic-honey_2307271251108379.jpg]
[ghcampusmarket.com/images/products/organic-honey_2307271251108928.jpg]
[ghcampusmarket.com/product/organic-honey.html]
[ghcampusmarket.com/product/samosa-10pcs-frozen.html]
[ghcampusmarket.com/images/products/cake-in-cup_2304140218521152.jpg]
[ghcampusmarket.com/images/products/cake-in-cup_2304140218524636.jpg]
[ghcampusmarket.com/product/cake-in-cup.html]
[ghcampusmarket.com/images/products/frozen-spring-rolls-samosas-money-bags_2303200404017862.jpg]
[ghcampusmarket.com/images/products/frozen-spring-rolls-samosas-money-bags_2303200404019020.jpg]
[ghcampusmarket.com/images/products/frozen-spring-rolls-samosas-money-bags_2303200404015644.jpg]
[ghcampusmarket.com/images/products/frozen-spring-rolls-samosas-money-bags_2303200404011468.jpg]
[ghcampusmarket.com/product/frozen-spring-rolls-samosas-money-bags.html]
[ghcampusmarket.com/product/fruit-and-vegetable-seeds.html]
[ghcampusmarket.com/product/fried-rice-4.html]
[ghcampusmarket.com/product/cakya-s-special-shito.html]
[ghcampusmarket.com/product/flat-tummy-tea.html]
[ghcampusmarket.com/product/vicky-shito.html]
[ghcampusmarket.com/images/old/profiles/20191016075422amcbs3389E6FA-47F2-4D64-A768-53B617ECD6BA.jpg]
[ghcampusmarket.com/product/abnaba-s-tombrown.html]
[ghcampusmarket.com/images/old/20191007074950pmcbsIMG-20190927-WA0019.jpg]
[ghcampusmarket.com/images/old/profiles/20191007030642pmcbsIMG-20190826-WA0022.jpg]
[ghcampusmarket.com/product/chopped-kontomire.html]
[ghcampusmarket.com/images/old/20190927022543pmcbs20190822_124956_0000.png]
[ghcampusmarket.com/images/old/20190927022543pmcbsScreenshot_2019-08-13-11-46-20-1.png]
[ghcampusmarket.com/images/old/20190927022543pmcbsScreenshot_2019-05-07-20-30-04.png]
[ghcampusmarket.com/images/old/20190927022543pmcbsScreenshot_2019-08-13-13-00-39.png]
[ghcampusmarket.com/images/old/profiles/20190927021402pmcbs20190813_125916_0000.png]
[ghcampusmarket.com/product/the-egg-market.html]
[ghcampusmarket.com/images/old/20190919051538pmcbs3DE2EF55-CE96-4404-A08B-36FFCFBF929F.jpg]
[ghcampusmarket.com/images/old/profiles/20190919050400pmcbsA55C54AD-2142-43AE-8EEE-A7823DD673A4.jpg]
[ghcampusmarket.com/product/redorshito.html]
[ghcampusmarket.com/images/old/20190926092132pmcbsIMG-20190922-WA0043.jpg]
[ghcampusmarket.com/images/old/20190926092132pmcbsIMG-20190923-WA0040.jpg]
[ghcampusmarket.com/images/old/20190926092132pmcbsIMG-20190923-WA0038.jpg]
[ghcampusmarket.com/images/old/20190926092132pmcbsIMG-20190923-WA0033.jpg]
[ghcampusmarket.com/product/street-cakes.html]
[ghcampusmarket.com/images/old/profiles/20190915051900pmcbsPhotoGrid_1510138719896.png]
[ghcampusmarket.com/product/eggs.html]
[ghcampusmarket.com/category/calculators.html]
[ghcampusmarket.com/category/other.html]
[ghcampusmarket.com/images/products/scientific-calculator-casio_2301251221314816.jpg]
[ghcampusmarket.com/product/scientific-calculator-casio.html]
[ghcampusmarket.com/images/products/data-bundles_2301201221424549.jpg]
[ghcampusmarket.com/images/products/data-bundles_2301201221427912.jpg]
[ghcampusmarket.com/images/products/data-bundles_2301201221425253.jpg]
[ghcampusmarket.com/images/products/data-bundles_2301201221425015.jpg]
[ghcampusmarket.com/product/data-bundles.html]
[ghcampusmarket.com/category/furnitures.html]
[ghcampusmarket.com/category/tables.html]
[ghcampusmarket.com/category/wardrobes.html]
[ghcampusmarket.com/category/room-for-sale-rent.html]
[ghcampusmarket.com/images/products/home-organiser_2308290329144991.png]
[ghcampusmarket.com/product/double-door-wardrobe.html]
[ghcampusmarket.com/product/home-organiser]
[ghcampusmarket.com/images/products/3-bedroom-unfurnished-apartment-for-rent-at-abelemkpe_2301200556122180.png]
[ghcampusmarket.com/images/products/3-bedroom-unfurnished-apartment-for-rent-at-abelemkpe_2301200556138737.png]
[ghcampusmarket.com/images/products/3-bedroom-unfurnished-apartment-for-rent-at-abelemkpe_2301200556143882.png]
[ghcampusmarket.com/product/3-bedroom-unfurnished-apartment-for-rent-at-abelemkpe.html]
[ghcampusmarket.com/images/products/2-bedroom-furnished-penthouse-for-rent-at-east-legon_2301200514555615.jpg]
[ghcampusmarket.com/images/products/2-bedroom-furnished-penthouse-for-rent-at-east-legon_2301200531255281.png]
[ghcampusmarket.com/images/products/2-bedroom-furnished-penthouse-for-rent-at-east-legon_2301200531518418.jpg]
[ghcampusmarket.com/images/products/2-bedroom-furnished-penthouse-for-rent-at-east-legon_2301200535402645.png]
[ghcampusmarket.com/product/2-bedroom-furnished-penthouse-for-rent-at-east-legon.html]
[ghcampusmarket.com/images/products/multipurpose-foldable-table_2301200214268222.jpg]
[ghcampusmarket.com/product/multipurpose-foldable-table.html]
[ghcampusmarket.com/product/single-roone-self-contain-for-rent.html]
[ghcampusmarket.com/images/old/20191111122809pmcbs31493717.jpg]
[ghcampusmarket.com/images/old/20191111122809pmcbs2011-Toyota-RAV4-SUV-Base-4dr-Front-wheel-Drive-Interior-Driver-Side.png]
[ghcampusmarket.com/images/old/20191111122809pmcbsstock-photo-mountain-bicycle-store-row-group-bike-shop-sale-bicycles-0025041e-5318-4bb4-8208-2cef19769e98.jpg]
[ghcampusmarket.com/images/old/20191111122809pmcbsb2.jpg]
[ghcampusmarket.com/product/cars-bicycles-motor-bikes.html]
[ghcampusmarket.com/category/sports-equipment.html]
[ghcampusmarket.com/category/arts-crafts.html]
[ghcampusmarket.com/images/products/picture-frames_2308300932332142.jpg]
[ghcampusmarket.com/images/products/picture-frames_2308300932338190.jpg]
[ghcampusmarket.com/images/products/picture-frames_2308300932336077.jpg]
[ghcampusmarket.com/images/products/picture-frames_2308300932336327.jpg]
[ghcampusmarket.com/product/picture-frames.html]
[ghcampusmarket.com/images/products/jersey-2_2301240516357194.jpg]
[ghcampusmarket.com/images/products/jersey-2_2301240516353131.jpg]
[ghcampusmarket.com/images/products/jersey-2_2301240516353114.jpg]
[ghcampusmarket.com/images/products/jersey-2_2301240516352246.jpg]
[ghcampusmarket.com/images/products/jersey-2_2301240516356727.jpg]
[ghcampusmarket.com/images/products/jersey-2_2301240516358893.jpg]
[ghcampusmarket.com/product/jersey-2.html]
[ghcampusmarket.com/product/jersey.html]
[ghcampusmarket.com/images/old/20191118035831pmcbs9673793431_811803492.64x64.jpg]
[ghcampusmarket.com/product/electronic-watch-button-led-bracelet-watch.html]
[ghcampusmarket.com/images/old/20191118012148pmcbsxbox one.png]
[ghcampusmarket.com/images/old/20191118035831pmcbs9651841597_811803492.64x64.jpg]
[ghcampusmarket.com/images/old/20191118031841pmcbsgame pad3.jpg]
[ghcampusmarket.com/images/old/20191118032028pmcbs61LRNmQ7M-L._AC_.jpg]
[ghcampusmarket.com/product/xbox-one-wireless-controller.html]
[ghcampusmarket.com/images/old/profiles/20191008053758amcbs9AAA6DF8-4A95-41C5-907E-3F72A208AF55.jpg]
[ghcampusmarket.com/product/xbox-360.html]
[ghcampusmarket.com/images/old/20191005021045amcbsab wheel.jpg]
[ghcampusmarket.com/product/roller.html]
[ghcampusmarket.com/images/old/20191005015912amcbsbkack waist trainer.jpg]
[ghcampusmarket.com/images/old/20191005015912amcbswast.jpg]
[ghcampusmarket.com/images/old/20191005015912amcbswaist.jpg]
[ghcampusmarket.com/product/waist-trainer.html]
[ghcampusmarket.com/product/final-year-student-project.html]
[ghcampusmarket.com/product/20-plots-of-land-for-sale.html]
[ghcampusmarket.com/images/old/20200306060142pmcbsbtc.jpg]
[ghcampusmarket.com/product/bitcoin-and-other-cryptocurrencies-bitcoin-cash-litecoin.html]
[ghcampusmarket.com/product/students-sales-agents-needed-on-campus.html]
[ghcampusmarket.com/images/old/20190919114314pmcbs51rtlJVgnJL._SL1024_.jpg]
[ghcampusmarket.com/images/old/20190919114314pmcbsforever-bright-toothgel.jpg]
[ghcampusmarket.com/product/tooth-gel.html]
[ghcampusmarket.com/images/old/20190917060639pmcbsIMG_20190604_110614_104.jpg]
[ghcampusmarket.com/images/old/profiles/20190917055420pmcbs20190729_214711.jpg]
[ghcampusmarket.com/product/delivery-service.html]
[ghcampusmarket.com/images/old/20190821123630pmcbslogo 3.png]
[ghcampusmarket.com/product/birth-certificate-passport.html]
[ghcampusmarket.com/get-more-feedback/9eb28a08-f667-486f-9b11-9c29b0b623db.html]
[ghcampusmarket.com/get-more-feedback/9e37b112-76a3-4353-a5f8-dd82f9d3aec3.html]
[ghcampusmarket.com/get-more-feedback/9e37b0ec-0563-4ff2-bbb1-b6c0e341e244.html]
[ghcampusmarket.com/get-more-feedback/9e2fa662-83bb-4254-9841-4345328482c6.html]
[ghcampusmarket.com/get-more-feedback/9e2fa42a-a17f-400c-8d6d-6621cb2e2065.html]
[ghcampusmarket.com/get-more-feedback/9c2c5c34-4920-4c9c-ab65-f67c541aa07c.html]
[ghcampusmarket.com/get-more-feedback/9c2b851e-3dd8-4c28-ba50-5f46676db886.html]
[ghcampusmarket.com/get-more-feedback/9aeaa6f0-ecfe-4627-a273-572db23b6339.html]
[ghcampusmarket.com/images/products/laptop-sticker_2307270116173122.jpg]
[ghcampusmarket.com/images/products/laptop-sticker_2307270116177978.jpg]
[ghcampusmarket.com/images/products/laptop-sticker_2307270116176760.jpg]
[ghcampusmarket.com/product/laptop-sticker.html]
[ghcampusmarket.com/get-more-feedback/9aae9cf0-7242-4d05-bc78-4a2a55e02c35.html]
[ghcampusmarket.com/get-more-feedback/9a8e1bc0-86e0-426e-82f3-17fa5f671f50.html]
[ghcampusmarket.com/get-more-feedback/9a8e1ab6-ce6e-48c1-9f31-b4dc679a02e3.html]
[ghcampusmarket.com/images/products/loris-car-freshener-10ml_2303230228463661.jpg]
[ghcampusmarket.com/images/products/loris-car-freshener-10ml_2303230228469605.jpg]
[ghcampusmarket.com/images/products/loris-car-freshener-10ml_2303230228467783.jpg]
[ghcampusmarket.com/images/products/loris-car-freshener-10ml_2303230228471289.jpg]
[ghcampusmarket.com/product/loris-car-freshener-10ml.html]
[ghcampusmarket.com/images/products/loris-room-diffuser-air-freshener_2303221049038354.jpg]
[ghcampusmarket.com/images/products/loris-room-diffuser-air-freshener_2303221049048263.jpg]
[ghcampusmarket.com/images/products/loris-room-diffuser-air-freshener_2303221049047489.jpg]
[ghcampusmarket.com/images/products/loris-room-diffuser-air-freshener_2303221049046063.jpg]
[ghcampusmarket.com/product/loris-room-diffuser-air-freshener.html]
[ghcampusmarket.com/images/products/terkzo-court_2301200831472376.jpg]
[ghcampusmarket.com/images/products/terkzo-court_2301200831471798.jpg]
[ghcampusmarket.com/images/products/terkzo-court_2301200831475052.jpg]
[ghcampusmarket.com/images/products/terkzo-court_2301200831478498.jpg]
[ghcampusmarket.com/images/products/terkzo-court_2301200831476267.jpg]
[ghcampusmarket.com/images/products/terkzo-court_2301200831472491.jpg]
[ghcampusmarket.com/product/terkzo-court.html]
[ghcampusmarket.com/get-more-feedback/9a8e19dc-0bfd-4508-9301-587f958355bd.html]
[ghcampusmarket.com/product/possess-the-secret-eau-de-parfum.html]
[ghcampusmarket.com/get-more-feedback/9a8e1748-5395-4701-af40-e0fb44f81ec7.html]
[ghcampusmarket.com/get-more-feedback/9a8e15f6-2325-4b43-a6ad-3f2043327fcc.html]
[ghcampusmarket.com/get-more-feedback/9a8e145f-3d51-4f72-a254-7e166def75f0.html]
[ghcampusmarket.com/get-more-feedback/9a8e136d-6720-4829-a669-d79937ace217.html]
[ghcampusmarket.com/get-more-feedback/9a8dffe2-89d4-4a4e-bc88-fe6c1296740d.html]
[ghcampusmarket.com/get-more-feedback/9a8dfbe2-a386-423a-a8bb-bcb1b63b4536.html]
[ghcampusmarket.com/get-more-feedback/9a1f94cd-78c6-4796-a124-8a042c431dad.html]
[ghcampusmarket.com/images/products/photo-framing_2311070947242078.jpeg]
[ghcampusmarket.com/images/products/photo-framing_2311070947246234.jpeg]
[ghcampusmarket.com/images/products/beaded-bags-3_2309110835335977.jpg]
[ghcampusmarket.com/images/products/beaded-bags-3_2309110835337154.jpg]
[ghcampusmarket.com/product/beaded-bags-3.html]
[ghcampusmarket.com/images/products/beaded-bags-2_2309110832359581.jpg]
[ghcampusmarket.com/product/beaded-bags-2.html]
[ghcampusmarket.com/images/products/beaded-bags_2309110842299839.jpg]
[ghcampusmarket.com/product/beaded-bags.html]
[ghcampusmarket.com/get-more-feedback/9a1b4f22-f2ad-444b-bad0-5bc256743fae.html]
[ghcampusmarket.com/images/products/hp-pavilion-15-core-i5-12th-gen_2305131147454109.jpg]
[ghcampusmarket.com/images/products/hp-pavilion-15-core-i5-12th-gen_2305131147451343.jpg]
[ghcampusmarket.com/images/products/hp-pavilion-15-core-i5-12th-gen_2305131147451489.jpg]
[ghcampusmarket.com/product/hp-pavilion-15-core-i5-12th-gen.html]
[ghcampusmarket.com/product/asus-vivobook-15-gaming.html]
[ghcampusmarket.com/images/products/laptop-stickers_2301271107281623.jpg]
[ghcampusmarket.com/images/products/laptop-stickers_2301271107285192.jpg]
[ghcampusmarket.com/product/laptop-stickers.html]
[ghcampusmarket.com/images/products/arduino-uno-r3-development-starter-kit_2304220236187010.jpg]
[ghcampusmarket.com/product/arduino-uno-r3-development-starter-kit.html]
[ghcampusmarket.com/product/hardrive.html]
[ghcampusmarket.com/product/game-pad.html]
[ghcampusmarket.com/product/instagram-account-1k-followers.html]
[ghcampusmarket.com/images/old/20190809095914pmcbsE2.jpg]
[ghcampusmarket.com/images/old/profiles/20190716093613pmcbsafterfocus_1527950543401-01.jpg]
[ghcampusmarket.com/product/otg-adapter-for-android-phones.html]
[ghcampusmarket.com/images/products/mtn-turbo-net_2304210313148079.jpg]
[ghcampusmarket.com/product/mtn-turbo-net.html]
[ghcampusmarket.com/get-more-feedback/9a15c8a3-ee52-4af5-91db-286676480eb7.html]
[ghcampusmarket.com/get-more-feedback/9a15c719-f830-4dba-8c69-79365df310ea.html]
[ghcampusmarket.com/get-more-feedback/9a15c643-6b71-451d-af01-0ed287eca597.html]
[ghcampusmarket.com/get-more-feedback/9a15c53c-b3c5-4a11-8470-5675b50f1d44.html]
[ghcampusmarket.com/images/old/20190212122346amcbsScreenshot (145).png]
[ghcampusmarket.com/images/old/20190212122346amcbsScreenshot (146).png]
[ghcampusmarket.com/images/old/20190227121819amcbsScreenshot (164).png]
[ghcampusmarket.com/images/old/20190227121834amcbsScreenshot (150).png]
[ghcampusmarket.com/images/old/20190227121842amcbsScreenshot (156).png]
[ghcampusmarket.com/images/profiles/joshua-kart_2301080342201576.jpg]
[ghcampusmarket.com/product/hp-envy-x360-1tb-hdd-12gb-ram-core-i5-8th-gen-keypad-light-touchscreen.html]
[ghcampusmarket.com/images/old/20190212122346amcbsScreenshot (145.html]
[ghcampusmarket.com/get-more-feedback/9a15c405-fb76-4c2a-80c9-91d0bc638444.html]
[ghcampusmarket.com/get-more-feedback/9a15c36a-7b2e-4084-9b32-d8d9dfb0cd7a.html]
[ghcampusmarket.com/get-more-feedback/9a15c21d-b47c-4bd3-810b-137a77d2d994.html]
[ghcampusmarket.com/get-more-feedback/9a15c060-812a-415e-b3db-e239268cafe3.html]
[ghcampusmarket.com/get-more-feedback/9a15be3b-4922-46e6-88a5-9c3a4eb8bf72.html]
[ghcampusmarket.com/get-more-feedback/9a0fefe2-e784-434b-ab87-30a88a7c4fed.html]
[ghcampusmarket.com/get-more-feedback/9a0fee9e-17a7-4837-a0e2-3afe995b4b9d.html]
[ghcampusmarket.com/get-more-feedback/9a0fed07-051f-455c-95f4-109f75068922.html]
[ghcampusmarket.com/get-more-feedback/9a0feaed-7bd6-4870-ad2f-ca31701cdaea.html]
[ghcampusmarket.com/get-more-feedback/9a0fe859-f564-4f1b-8d26-156a92ac6c88.html]
[ghcampusmarket.com/get-more-feedback/99c6bb89-fb49-4c03-bf1d-cc002e889927.html]
[ghcampusmarket.com/get-more-feedback/99c6b7f4-aff6-448c-8d91-c0db187c8ccf.html]
[ghcampusmarket.com/get-more-feedback/99c6b44d-b7fc-49f2-833f-d3493a3257a4.html]
[ghcampusmarket.com/get-more-feedback/99c1a39e-04a6-4e15-93af-07d999f0b674.html]
[ghcampusmarket.com/images/products/samsung-s6_2302120342044727.jpg]
[ghcampusmarket.com/images/products/samsung-s6_2302120342058402.jpg]
[ghcampusmarket.com/images/products/samsung-s6_2302120342051255.jpg]
[ghcampusmarket.com/product/samsung-s6.html]
[ghcampusmarket.com/images/products/iphone-7-plus-uk-used-unlocked_2304180314529790.jpg]
[ghcampusmarket.com/product/iphone-7-plus-uk-used-unlocked.html]
[ghcampusmarket.com/images/products/iphone-7-uk-used-unlocked_2304180301191005.jpg]
[ghcampusmarket.com/product/iphone-7-uk-used-unlocked.html]
[ghcampusmarket.com/images/products/iphone-11-64-gig-with-crack_2301260929307854.jpg]
[ghcampusmarket.com/images/products/iphone-11-64-gig-with-crack_2301260929315011.jpg]
[ghcampusmarket.com/images/products/iphone-11-64-gig-with-crack_2301260929313612.jpg]
[ghcampusmarket.com/product/iphone-11-64-gig-with-crack.html]
[ghcampusmarket.com/images/products/apple-airpods-3_2301250705413765.jpg]
[ghcampusmarket.com/images/products/apple-airpods-3_2301250705412125.jpg]
[ghcampusmarket.com/product/apple-airpods-3.html]
[ghcampusmarket.com/images/products/iphone-7_2301171122332694.jpg]
[ghcampusmarket.com/images/products/iphone-7_2301171122337143.jpg]
[ghcampusmarket.com/product/iphone-7.html]
[ghcampusmarket.com/images/products/apple-watch-series-3_2301230817563320.jpg]
[ghcampusmarket.com/images/products/apple-watch-series-3_2301230817563705.jpg]
[ghcampusmarket.com/product/apple-watch-series-3.html]
[ghcampusmarket.com/product/power-bank.html]
[ghcampusmarket.com/images/products/oraimo-riff-oeb-e02d-wireless-earbuds_2304170146547435.jpg]
[ghcampusmarket.com/product/oraimo-riff-oeb-e02d-wireless-earbuds.html]
[ghcampusmarket.com/images/products/pro-5s-airpod_2304170144232682.jpg]
[ghcampusmarket.com/product/pro-5s-airpod.html]
[ghcampusmarket.com/images/products/oraimo-freepods-pro_2304170142465353.jpg]
[ghcampusmarket.com/product/oraimo-freepods-pro.html]
[ghcampusmarket.com/images/products/tws-wireless-airpods_2304170137452894.jpg]
[ghcampusmarket.com/product/tws-wireless-airpods.html]
[ghcampusmarket.com/images/products/m90-pro-gaming-earbuds_2304170125059841.jpg]
[ghcampusmarket.com/product/m90-pro-gaming-earbuds.html]
[ghcampusmarket.com/product/airpod-holder.html]
[ghcampusmarket.com/get-more-feedback/9a0340c7-c249-4aa3-ab33-4c0b8dfd6bdc.html]
[ghcampusmarket.com/get-more-feedback/9a033f59-17d5-4b80-a4af-b067895f87cd.html]
[ghcampusmarket.com/get-more-feedback/9a01ba80-e3f8-4516-b5f7-63c5f83d200d.html]
[ghcampusmarket.com/get-more-feedback/99f8f966-2030-4852-8925-3d708918a2d6.html]
[ghcampusmarket.com/get-more-feedback/99f8f4e4-1714-407c-8d81-e5885000c8d2.html]
[ghcampusmarket.com/get-more-feedback/99c6aff0-b4d2-4925-a901-0ba51b74ade0.html]
[ghcampusmarket.com/get-more-feedback/99c6ae19-2354-4208-903a-4ff569a40be8.html]
[ghcampusmarket.com/get-more-feedback/99c20c9f-1963-4057-8237-d73234970584.html]
[ghcampusmarket.com/get-more-feedback/99c1a5ef-56b1-4a62-b7a3-46f68809563b.html]
[ghcampusmarket.com/get-more-feedback/99c1a4e2-90f5-4f6c-a8ed-08ccbec07a18.html]
[ghcampusmarket.com/get-more-feedback/99bf36dd-cfaf-4835-8717-dc8882fa51b6.html]
[ghcampusmarket.com/get-more-feedback/98fd2805-2631-4033-8d6e-2138d8c052a7.html]
[ghcampusmarket.com/get-more-feedback/98f533e3-5dd9-424b-84c4-5674c440d9b1.html]
[ghcampusmarket.com/get-more-feedback/98f532c0-1829-4273-936a-00c7537cf5eb.html]
[ghcampusmarket.com/get-more-feedback/98f530a3-3a91-4c14-871b-196b151499df.html]
[ghcampusmarket.com/get-more-feedback/98f52d9f-74fd-42da-996b-efb227e3885f.html]
[ghcampusmarket.com/images/products/quality-polo-long-sleeve-shirt-available_2308080114021456.jpg]
[ghcampusmarket.com/images/products/quality-polo-long-sleeve-shirt-available_2308080114023305.jpg]
[ghcampusmarket.com/product/quality-polo-long-sleeve-shirt-available.html]
[ghcampusmarket.com/images/products/quality-men-lacoste_2308080108362421.jpg]
[ghcampusmarket.com/images/products/quality-men-lacoste_2308080108369335.jpg]
[ghcampusmarket.com/product/quality-men-lacoste.html]
[ghcampusmarket.com/images/products/original-shirt-for-men_2308011155266663.jpg]
[ghcampusmarket.com/images/products/original-shirt-for-men_2308011155264652.jpg]
[ghcampusmarket.com/images/products/original-shirt-for-men_2308011155261538.jpg]
[ghcampusmarket.com/images/products/original-shirt-for-men_2308011155264050.jpg]
[ghcampusmarket.com/product/original-shirt-for-men.html]
[ghcampusmarket.com/images/products/original-turkish-lacoste_2308011143474090.jpg]
[ghcampusmarket.com/images/products/original-turkish-lacoste_2308011143472837.jpg]
[ghcampusmarket.com/product/original-turkish-lacoste.html]
[ghcampusmarket.com/images/products/original-turkish-lacoste_2308011143475203.jpg]
[ghcampusmarket.com/product/ladies-3-pieces-outfit.html]
[ghcampusmarket.com/product/ladies-outfit-5.html]
[ghcampusmarket.com/product/clothes]
[ghcampusmarket.com/product/ladies-dress-4.html]
[ghcampusmarket.com/product/ladies-dress-2.html]
[ghcampusmarket.com/product/ladies-outfit-2.html]
[ghcampusmarket.com/product/220.html]
[ghcampusmarket.com/product/ladies-outfit.html]
[ghcampusmarket.com/product/ladies-dress.html]
[ghcampusmarket.com/product/ladies-wear.html]
[ghcampusmarket.com/product/ladies-dresses.html]
[ghcampusmarket.com/product/laddies-dresses.html]
[ghcampusmarket.com/images/products/men-s-top-wears_2301250956195808.jpg]
[ghcampusmarket.com/images/products/men-s-top-wears_2301250956191458.jpg]
[ghcampusmarket.com/images/products/men-s-top-wears_2301250956194845.jpg]
[ghcampusmarket.com/product/men-s-top-wears.html]
[ghcampusmarket.com/images/products/shirts_2301240810591679.jpg]
[ghcampusmarket.com/images/products/shirts_2301240810597685.jpg]
[ghcampusmarket.com/images/products/shirts_2301240810598216.jpg]
[ghcampusmarket.com/images/products/shirts_2301240811002348.jpg]
[ghcampusmarket.com/images/products/shirts_2301240811009310.jpg]
[ghcampusmarket.com/images/products/shirts_2301240811001438.jpg]
[ghcampusmarket.com/images/products/shirts_2301240811007367.jpg]
[ghcampusmarket.com/images/products/shirts_2301240811001648.jpg]
[ghcampusmarket.com/images/products/shirts_2301240811009176.jpg]
[ghcampusmarket.com/images/products/shirts_2301240811005464.jpg]
[ghcampusmarket.com/images/products/shirts_2301240811004621.jpg]
[ghcampusmarket.com/images/products/shirts_2301240811006106.jpg]
[ghcampusmarket.com/images/products/shirts_2301240811002409.jpg]
[ghcampusmarket.com/product/bathing-aape-club-tshirts.html]
[ghcampusmarket.com/images/old/20191016081526amcbs4569f566-545b-4b61-a703-677a6a3052ab.jpg]
[ghcampusmarket.com/product/shirts.html]
[ghcampusmarket.com/images/products/t-shirts-5_2301240947396489.jpg]
[ghcampusmarket.com/images/products/t-shirts-5_2301240947406733.jpg]
[ghcampusmarket.com/images/products/t-shirts-5_2301240947406402.jpg]
[ghcampusmarket.com/images/products/t-shirts-5_2301240947404027.jpg]
[ghcampusmarket.com/product/t-shirts-5.html]
[ghcampusmarket.com/images/products/design-and-plain-stock-jeans_2301190517219578.jpg]
[ghcampusmarket.com/images/products/design-and-plain-stock-jeans_2301190517212127.jpg]
[ghcampusmarket.com/images/products/design-and-plain-stock-jeans_2301190517214416.jpg]
[ghcampusmarket.com/images/products/design-and-plain-stock-jeans_2301190517211172.jpg]
[ghcampusmarket.com/images/products/design-and-plain-stock-jeans_2301190517218580.jpg]
[ghcampusmarket.com/images/products/design-and-plain-stock-jeans_2301190517218934.jpg]
[ghcampusmarket.com/images/products/design-and-plain-stock-jeans_2301190517219591.jpg]
[ghcampusmarket.com/images/products/design-and-plain-stock-jeans_2301190517213187.jpg]
[ghcampusmarket.com/images/products/design-and-plain-stock-jeans_2301190517218686.jpg]
[ghcampusmarket.com/images/products/design-and-plain-stock-jeans_2301190517211189.jpg]
[ghcampusmarket.com/images/products/design-and-plain-stock-jeans_2301190517219049.jpg]
[ghcampusmarket.com/images/products/design-and-plain-stock-jeans_2301190517212801.jpg]
[ghcampusmarket.com/images/products/design-and-plain-stock-jeans_2301190517216112.jpg]
[ghcampusmarket.com/product/design-and-plain-stock-jeans.html]
[ghcampusmarket.com/images/products/trousers_2301180935164226.jpg]
[ghcampusmarket.com/images/products/trousers_2301180935161923.jpg]
[ghcampusmarket.com/images/products/trousers_2301180935162880.jpg]
[ghcampusmarket.com/images/products/trousers_2301180935167135.jpg]
[ghcampusmarket.com/images/products/trousers_2301180935163893.jpg]
[ghcampusmarket.com/images/products/trousers_2301180935164361.jpg]
[ghcampusmarket.com/images/products/trousers_2301180935164776.jpg]
[ghcampusmarket.com/images/products/trousers_2301180935162134.jpg]
[ghcampusmarket.com/images/products/trousers_2301180935162673.jpg]
[ghcampusmarket.com/images/products/trousers_2301180935178098.jpg]
[ghcampusmarket.com/images/products/trousers_2301180935178323.jpg]
[ghcampusmarket.com/images/products/trousers_2301180935174334.jpg]
[ghcampusmarket.com/images/products/trousers_2301180935173067.jpg]
[ghcampusmarket.com/images/products/trousers_2301180935175621.jpg]
[ghcampusmarket.com/images/products/trousers_2301180935173655.jpg]
[ghcampusmarket.com/images/products/trousers_2301180935173302.jpg]
[ghcampusmarket.com/images/products/trousers_2301180935172875.jpg]
[ghcampusmarket.com/product/trousers.html]
[ghcampusmarket.com/images/products/men-classic-leather-shoes_2304220249272294.jpg]
[ghcampusmarket.com/product/men-classic-leather-shoes.html]
[ghcampusmarket.com/product/nike-sneakers.html]
[ghcampusmarket.com/images/products/executive-shor_2303140911485350.jpg]
[ghcampusmarket.com/product/executive-shor.html]
[ghcampusmarket.com/product/adidas-zx-750.html]
[ghcampusmarket.com/product/jordan-4-sneaker.html]
[ghcampusmarket.com/product/nike-shoes.html]
[ghcampusmarket.com/images/products/apparels-sandals-heels_2302111208544044.jpg]
[ghcampusmarket.com/images/products/apparels-sandals-heels_2302111208543500.jpg]
[ghcampusmarket.com/images/products/apparels-sandals-heels_2302111208547783.jpg]
[ghcampusmarket.com/product/apparels-sandals-heels.html]
[ghcampusmarket.com/images/products/apparels-sandals-heels_2302111208548334.jpeg]
[ghcampusmarket.com/product/jordan-4.html]
[ghcampusmarket.com/images/products/heels-3_2302030656399443.jpg]
[ghcampusmarket.com/product/heels-3.html]
[ghcampusmarket.com/images/products/ladies-slippers-2_2302030212012142.jpg]
[ghcampusmarket.com/product/ladies-slippers-2.html]
[ghcampusmarket.com/product/ladies-footwear.html]
[ghcampusmarket.com/images/products/sandals-and-slippers_2301290252334915.jpg]
[ghcampusmarket.com/images/products/sandals-and-slippers_2301290252333967.jpg]
[ghcampusmarket.com/images/products/sandals-and-slippers_2301290252347978.jpg]
[ghcampusmarket.com/images/products/sandals-and-slippers_2301290252341395.jpg]
[ghcampusmarket.com/images/products/sandals-and-slippers_2301290252344458.jpg]
[ghcampusmarket.com/images/products/sandals-and-slippers_2301290252347939.jpg]
[ghcampusmarket.com/images/products/sandals-and-slippers_2301290252347114.jpg]
[ghcampusmarket.com/images/products/sandals-and-slippers_2301290252343671.jpg]
[ghcampusmarket.com/images/products/sandals-and-slippers_2301290252344991.jpg]
[ghcampusmarket.com/images/products/sandals-and-slippers_2301290252345836.jpg]
[ghcampusmarket.com/images/products/sandals-and-slippers_2301290252343256.jpg]
[ghcampusmarket.com/images/products/sandals-and-slippers_2301290252349985.jpg]
[ghcampusmarket.com/images/products/sandals-and-slippers_2301290252347648.jpg]
[ghcampusmarket.com/images/products/sandals-and-slippers_2301290252343396.jpg]
[ghcampusmarket.com/images/products/sandals-and-slippers_2301290252347111.jpg]
[ghcampusmarket.com/images/products/sandals-and-slippers_2301290252342443.jpg]
[ghcampusmarket.com/images/products/sandals-and-slippers_2301290252344778.jpg]
[ghcampusmarket.com/product/sandals-and-slippers.html]
[ghcampusmarket.com/images/products/stiletto-heel_2301270828122587.jpg]
[ghcampusmarket.com/product/stiletto-heel.html]
[ghcampusmarket.com/images/products/high-heel_2301230842188791.jpg]
[ghcampusmarket.com/images/products/high-heel_2301230842193191.jpg]
[ghcampusmarket.com/images/products/high-heel_2301230842198232.jpg]
[ghcampusmarket.com/product/high-heel.html]
[ghcampusmarket.com/images/products/sneakers-2_2301200857272229.png]
[ghcampusmarket.com/images/products/sneakers-2_2301200857287394.png]
[ghcampusmarket.com/images/products/sneakers-2_2301200857285143.png]
[ghcampusmarket.com/images/products/sneakers-2_2301200857289050.png]
[ghcampusmarket.com/images/products/sneakers-2_2301200857294357.jpg]
[ghcampusmarket.com/images/products/sneakers-2_2301200857296236.png]
[ghcampusmarket.com/images/products/sneakers-2_2301200857296315.jpg]
[ghcampusmarket.com/images/products/sneakers-2_2301200857292035.png]
[ghcampusmarket.com/product/sneakers-2.html]
[ghcampusmarket.com/product/balanciaga.html]
[ghcampusmarket.com/product/retro-jondan.html]
[ghcampusmarket.com/product/jordan-11.html]
[ghcampusmarket.com/product/wrist-watch.html]
[ghcampusmarket.com/product/customized-bracelet.html]
[ghcampusmarket.com/product/sparkle-love-beads.html]
[ghcampusmarket.com/product/wooden-adinkra-earrings.html]
[ghcampusmarket.com/images/products/hairband_2303010424126841.jpg]
[ghcampusmarket.com/product/hairband.html]
[ghcampusmarket.com/product/customised-bracelets.html]
[ghcampusmarket.com/images/products/locally-made-wedding-rings-3-set-14k-3g_2303010429198768.jpg]
[ghcampusmarket.com/product/locally-made-wedding-rings-3-set-14k-3g.html]
[ghcampusmarket.com/images/products/waterproof-backpacks-bags_2308081244212504.jpg]
[ghcampusmarket.com/images/products/waterproof-backpacks-bags_2308081244214496.jpg]
[ghcampusmarket.com/images/products/waterproof-backpacks-bags_2308081244216284.jpg]
[ghcampusmarket.com/product/waterproof-backpacks-bags.html]
[ghcampusmarket.com/images/products/zag-bag_2307281124221887.jpg]
[ghcampusmarket.com/product/zag-bag.html]
[ghcampusmarket.com/images/products/tote-bags_2303220144235877.jpg]
[ghcampusmarket.com/images/products/tote-bags_2303220144237108.jpg]
[ghcampusmarket.com/images/products/tote-bags_2303220144232235.jpg]
[ghcampusmarket.com/product/tote-bags.html]
[ghcampusmarket.com/product/handbags.html]
[ghcampusmarket.com/images/products/croc-shoulder-bag_2302250115114005.jpg]
[ghcampusmarket.com/product/croc-shoulder-bag.html]
[ghcampusmarket.com/images/products/underwear-bags_2301200217523211.jpg]
[ghcampusmarket.com/product/underwear-bags.html]
[ghcampusmarket.com/images/products/handmade-crochet-bag_2301181234247900.jpg]
[ghcampusmarket.com/product/handmade-crochet-bag.html]
[ghcampusmarket.com/images/products/optical-frames_2307270134322208.jpg]
[ghcampusmarket.com/images/products/optical-frames_2307270134325457.jpg]
[ghcampusmarket.com/product/optical-frames.html]
[ghcampusmarket.com/images/products/blue-light-glasses-3_2303140930388860.jpg]
[ghcampusmarket.com/images/products/blue-light-glasses-3_2303140930382131.jpg]
[ghcampusmarket.com/images/products/blue-light-glasses-3_2303140930399437.jpg]
[ghcampusmarket.com/images/products/blue-light-glasses-3_2303140930396884.jpg]
[ghcampusmarket.com/product/blue-light-glasses-3.html]
[ghcampusmarket.com/get-more-feedback/9a1b4db2-70d7-4762-aec7-69eeb3579bfb.html]
[ghcampusmarket.com/get-more-feedback/9a034794-5476-460e-8d61-e365ccfb1ced.html]
[ghcampusmarket.com/product/ladies-2-pieces-outfit-2.html]
[ghcampusmarket.com/images/products/ladies-dress-3_2303220135257648.jpg]
[ghcampusmarket.com/product/ladies-dress-3.html]
[ghcampusmarket.com/product/ladies-outfit-4.html]
[ghcampusmarket.com/get-more-feedback/9a0345b5-94de-4e8e-bf3e-8aca9842903d.html]
[ghcampusmarket.com/get-more-feedback/9a026608-86e0-455d-a351-b2c7d169d31c.html]
[ghcampusmarket.com/get-more-feedback/9a0262f3-d4b7-492b-91f6-645a91c03295.html]
[ghcampusmarket.com/get-more-feedback/9a0260e5-f0a3-4649-833d-773800a8609e.html]
[ghcampusmarket.com/get-more-feedback/9a024538-ee31-48b1-a474-5074aa96dc82.html]
[ghcampusmarket.com/get-more-feedback/9a024447-97fc-4576-86ec-6e0300515217.html]
[ghcampusmarket.com/get-more-feedback/99f90305-5ab4-4926-aee6-a38d5f206683.html]
[ghcampusmarket.com/get-more-feedback/99f9018f-7c8c-45c2-af0f-68a8335f375d.html]
[ghcampusmarket.com/get-more-feedback/99f90036-2e71-49dc-ac72-e28cfec531ff.html]
[ghcampusmarket.com/get-more-feedback/99f8faf3-2924-47d3-aaac-10454709b64f.html]
[ghcampusmarket.com/get-more-feedback/99e2e4ae-a700-45fc-9f5d-6257b89c28f2.html]
[ghcampusmarket.com/get-more-feedback/99e2daa2-c1fc-4759-89dc-d989f41f8fe8.html]
[ghcampusmarket.com/get-more-feedback/985b0dd4-eaf1-4179-8131-87b9086fa41c.html]
[ghcampusmarket.com/get-more-feedback/98b7403b-c8ec-4404-82ec-2bbf9f9ffd79.html]
[ghcampusmarket.com/get-more-feedback/98b12f30-51e5-46d9-a667-7e55e9a59593.html]
[ghcampusmarket.com/get-more-feedback/9852a308-c4b4-4d7a-90ba-1672be70f5e1.html]
[ghcampusmarket.com/user/change-password]
[ghcampusmarket.com/get-more-feedback/9a0fe389-c88e-4fca-8b27-285271f69b5d.html]
[ghcampusmarket.com/product/classic-tops-3.html]
[ghcampusmarket.com/product/classic-tops-2.html]
[ghcampusmarket.com/get-more-feedback/99c6a3ad-de0a-4645-938f-953a0a881977.html]
[ghcampusmarket.com/get-more-feedback/986c0329-ad66-43f7-9d1b-58775b4e4438.html]
[ghcampusmarket.com/get-more-feedback/986c02ba-6a66-4416-9963-69b3781d8826.html]
[ghcampusmarket.com/get-more-feedback/986c01cb-8b67-4abe-813b-604dc52e5850.html]
[ghcampusmarket.com/get-more-feedback/986c0120-4441-4b5e-9ad8-7f17f3f5cea3.html]
[ghcampusmarket.com/get-more-feedback/986c006a-a8da-4ec9-ba2d-33c35dfc0824.html]
[ghcampusmarket.com/images/old/profiles/20190915061756pmcbs+233 24 338 5891 20190915_181632.jpg]
[ghcampusmarket.com/product/energizer-phone.html]
[ghcampusmarket.com/get-more-feedback/982bee04-18e3-40d8-be04-c670b05729e1.html]
[ghcampusmarket.com/get-more-feedback/982bee00-0bcc-45ad-b01b-6e1971f8cca7.html]
[ghcampusmarket.com/get-more-feedback/982bedfe-be4f-447b-b527-30b146eec257.html]
[ghcampusmarket.com/get-more-feedback/982bedfd-1ebc-4bc0-9144-f7d71a149c0e.html]
[ghcampusmarket.com/get-more-feedback/982bedf3-d5f5-4241-8f20-f27c4b0d0871.html]
[ghcampusmarket.com/get-more-feedback/982bedea-702f-463e-9594-47448eb25b6d.html]
[ghcampusmarket.com/get-more-feedback/992c8fc6-9f55-40c4-bc69-87cb9a2acb55.html]
[ghcampusmarket.com/get-more-feedback/984322fa-f576-4eb9-aa79-0e63532eac4e.html]
[ghcampusmarket.com/product/smart-perfume.html]
[ghcampusmarket.com/get-more-feedback/98384557-a10c-4879-96d3-529343330012.html]
[ghcampusmarket.com/get-more-feedback/98358862-a6da-4ff0-9b41-e65257888249.html]
[ghcampusmarket.com/get-more-feedback/982bee11-34b1-4620-8aea-db27f7cc97fc.html]
[ghcampusmarket.com/get-more-feedback/982bee10-a0f7-417d-a20a-b536a36e0693.html]
[ghcampusmarket.com/get-more-feedback/982bee10-0af0-4f6c-9831-80c043f94045.html]
[ghcampusmarket.com/get-more-feedback/982bee0f-7136-4203-832b-ec0368255181.html]
[ghcampusmarket.com/product/speaker.html]
[ghcampusmarket.com/product/music-box.html]
[ghcampusmarket.com/product/samsung-wireless-headphone.html]
[ghcampusmarket.com/product/all-products.html]
[ghcampusmarket.com/get-more-feedback/9a01c131-0ef4-4fd0-ad11-b7d52dfd6b2f.html]
[ghcampusmarket.com/images/products/portable-gas-stove_2308140752554207.jpg]
[ghcampusmarket.com/product/portable-gas-stove]
[ghcampusmarket.com/get-more-feedback/99e2edf0-d211-45d1-a2e4-12935e8b0357.html]
[ghcampusmarket.com/get-more-feedback/99c6a5de-37db-4798-88e2-c619e8a3bc2b.html]
[ghcampusmarket.com/get-more-feedback/99bf38a0-fdfb-46bf-a713-4deae84a3c2b.html]
[ghcampusmarket.com/get-more-feedback/99bf324d-44b6-45dd-beb5-7b9054b3d273.html]
[ghcampusmarket.com/get-more-feedback/99bf30ee-45ba-4c8d-9e0f-15e135f139fc.html]
[ghcampusmarket.com/get-more-feedback/99bf2e71-95d7-4666-b827-8d2ec86777e6.html]
[ghcampusmarket.com/get-more-feedback/99bf2ada-4f9f-4473-bb4a-2e5b546d2857.html]
[ghcampusmarket.com/get-more-feedback/99bf2896-311d-499e-a80c-4e626082973b.html]
[ghcampusmarket.com/get-more-feedback/991934e7-5aca-4c4d-bdeb-50862d11c181.html]
[ghcampusmarket.com/get-more-feedback/98e9015f-4784-4c85-b1d8-f6ad856077fc.html]
[ghcampusmarket.com/get-more-feedback/98e8ff9c-4d99-4382-8a6f-0f2c9dfe4bfa.html]
[ghcampusmarket.com/get-more-feedback/98e8fc60-bd21-4c40-8e03-0df19f92b43f.html]
[ghcampusmarket.com/get-more-feedback/98e8fa28-816b-4f4d-bdf0-8ea13e2c33c6.html]
[ghcampusmarket.com/get-more-feedback/98972b9c-5979-409a-90e7-1b4e08cdb2a5.html]
[ghcampusmarket.com/get-more-feedback/989726f8-96a8-4ffd-a729-e485a5b76ac5.html]
[ghcampusmarket.com/get-more-feedback/98824691-9b78-4c10-8bad-d79104f7da17.html]
[ghcampusmarket.com/get-more-feedback/9852e490-4b82-4504-8bd5-dead521e6c52.html]
[ghcampusmarket.com/product/longrich-alkaline-cup.html]
[ghcampusmarket.com/product/natural-spices.html]
[ghcampusmarket.com/product/forever-c9-packs.html]
[ghcampusmarket.com/images/products/longrich-rejuvenating-body-lotion_2308081247197309.jpg]
[ghcampusmarket.com/product/longrich-rejuvenating-body-lotion.html]
[ghcampusmarket.com/product/kirkland-and-roller-for-beard-and-headline.html]
[ghcampusmarket.com/product/c21-cometics-2.html]
[ghcampusmarket.com/images/products/multipurpose-balm_2301261035595759.jpg]
[ghcampusmarket.com/images/products/multipurpose-balm_2301261035596489.jpg]
[ghcampusmarket.com/product/multipurpose-balm.html]
[ghcampusmarket.com/product/oriflame.html]
[ghcampusmarket.com/product/dudu-osun-black-soap.html]
[ghcampusmarket.com/product/nzuri-black-soap.html]
[ghcampusmarket.com/images/products/longrich-toothpaste-3_2308071207474968.jpg]
[ghcampusmarket.com/product/longrich-toothpaste-3.html]
[ghcampusmarket.com/product/longrich-toothpaste-2.html]
[ghcampusmarket.com/product/longrich-mouth-fresher.html]
[ghcampusmarket.com/product/longrich-toothpaste.html]
[ghcampusmarket.com/images/products/ultra-compact_2308071202236709.jpg]
[ghcampusmarket.com/images/products/ultra-compact_2308071202232034.jpg]
[ghcampusmarket.com/images/products/ultra-compact_2308071202233449.jpg]
[ghcampusmarket.com/product/ultra-compact.html]
[ghcampusmarket.com/product/longrich-mosquito-repellent.html]
[ghcampusmarket.com/images/products/wig-stand-holder_2302251030077061.jpg]
[ghcampusmarket.com/product/wig-stand-holder.html]
[ghcampusmarket.com/product/portable-hairdryer.html]
[ghcampusmarket.com/product/wig.html]
[ghcampusmarket.com/product/kirkland-minoxidil-oil.html]
[ghcampusmarket.com/product/c21-cometics-8.html]
[ghcampusmarket.com/product/c21-cometics-7.html]
[ghcampusmarket.com/product/c21-cometics-6.html]
[ghcampusmarket.com/product/c21-cometics-5.html]
[ghcampusmarket.com/product/c21-cometics-4.html]
[ghcampusmarket.com/product/c21-cometics-3.html]
[ghcampusmarket.com/product/c21-cometics.html]
[ghcampusmarket.com/images/products/wig-cap-2_2301180857235316.jpg]
[ghcampusmarket.com/images/products/wig-cap-2_2301180857231310.jpg]
[ghcampusmarket.com/images/products/wig-cap-2_2301180857237512.jpg]
[ghcampusmarket.com/images/products/wig-cap-2_2301180857239172.jpg]
[ghcampusmarket.com/images/products/wig-cap-2_2301180857237989.jpg]
[ghcampusmarket.com/images/products/wig-cap-2_2301180857239647.jpg]
[ghcampusmarket.com/images/products/wig-cap-2_2301180857231448.jpg]
[ghcampusmarket.com/images/products/wig-cap-2_2301180857237078.jpg]
[ghcampusmarket.com/images/products/wig-cap-2_2301180857236297.jpg]
[ghcampusmarket.com/images/products/wig-cap-2_2301180857245266.jpg]
[ghcampusmarket.com/images/products/wig-cap-2_2301180857246367.jpg]
[ghcampusmarket.com/images/products/wig-cap-2_2301180857248638.jpg]
[ghcampusmarket.com/images/products/wig-cap-2_2301180857247232.jpg]
[ghcampusmarket.com/images/products/wig-cap-2_2301180857242876.jpg]
[ghcampusmarket.com/product/wig-cap.html]
[ghcampusmarket.com/images/old/20190919114036amcbsSnapchat-623216516.jpg]
[ghcampusmarket.com/product/wig-cap-2.html]
[ghcampusmarket.com/images/products/wig-caps_2301180849257104.jpg]
[ghcampusmarket.com/images/products/wig-caps_2301180849259613.jpg]
[ghcampusmarket.com/images/products/wig-caps_2301180849252246.jpg]
[ghcampusmarket.com/images/products/wig-caps_2301180849251165.jpg]
[ghcampusmarket.com/images/products/wig-caps_2301180849253278.jpg]
[ghcampusmarket.com/images/products/wig-caps_2301180849251940.jpg]
[ghcampusmarket.com/images/products/wig-caps_2301180849254953.jpg]
[ghcampusmarket.com/images/products/wig-caps_2301180849256719.jpg]
[ghcampusmarket.com/images/products/wig-caps_2301180849254097.jpg]
[ghcampusmarket.com/images/products/wig-caps_2301180849256305.jpg]
[ghcampusmarket.com/images/products/wig-caps_2301180849258730.jpg]
[ghcampusmarket.com/images/products/wig-caps_2301180849253433.jpg]
[ghcampusmarket.com/images/products/wig-caps_2301180849252183.jpg]
[ghcampusmarket.com/images/products/wig-caps_2301180849252079.jpg]
[ghcampusmarket.com/product/wig-caps.html]
[ghcampusmarket.com/product/jnelp-shower-gel.html]
[ghcampusmarket.com/product/liquid-soap-3x-more-effective.html]
[ghcampusmarket.com/product/neon-beauty-soap-bleaching-kojic-plus.html]
[ghcampusmarket.com/images/products/loris-frequence-oriental-body-spray-for-women_2303221152297793.jpg]
[ghcampusmarket.com/product/loris-frequence-oriental-body-spray-for-women.html]
[ghcampusmarket.com/images/products/peolah-makeups_2301311237041873.jpg]
[ghcampusmarket.com/images/products/peolah-makeups_2301311237044775.jpg]
[ghcampusmarket.com/product/peolah-makeups.html]
[ghcampusmarket.com/get-more-feedback/9a15bcd3-bf09-4867-9f94-77417312c70e.html]
[ghcampusmarket.com/get-more-feedback/9a0fe551-4d93-4f13-96b7-55c6dae2d91c.html]
[ghcampusmarket.com/get-more-feedback/9a07c55b-27ca-47bf-b795-8773878c12d5.html]
[ghcampusmarket.com/get-more-feedback/9a034f00-65e0-4fbf-acb7-e1a043f041c9.html]
[ghcampusmarket.com/get-more-feedback/9a034d12-65ee-4ca1-87c3-cf40ca285ade.html]
[ghcampusmarket.com/get-more-feedback/9a034a36-c557-4882-9547-0f76e7319b0c.html]
[ghcampusmarket.com/get-more-feedback/9a0348c7-1708-4141-80e6-73a1b3a55c55.html]
[ghcampusmarket.com/get-more-feedback/9a025d13-1f9a-44a4-a117-6722c58d5303.html]
[ghcampusmarket.com/get-more-feedback/99f90dfd-c1d6-4e25-baa9-2b240a2b50ba.html]
[ghcampusmarket.com/get-more-feedback/99f909ef-f4e5-4488-af7a-f343a26c19ef.html]
[ghcampusmarket.com/get-more-feedback/99f90813-4d9e-45a9-9944-880733ccdde0.html]
[ghcampusmarket.com/get-more-feedback/99e2eb2c-6ca5-44d6-b20a-ce44548da043.html]
[ghcampusmarket.com/get-more-feedback/99e2e876-5695-47a2-afcb-b6f1d2db7c95.html]
[ghcampusmarket.com/get-more-feedback/9a025f2e-3c9b-4baa-9dc0-c6eb59c814e6.html]
[ghcampusmarket.com/get-more-feedback/99f8f878-b390-4142-9600-ba1a9be922f6.html]
[ghcampusmarket.com/get-more-feedback/99e2e0fc-b38a-401a-a1cb-908bb8879b22.html]
[ghcampusmarket.com/get-more-feedback/99c19f54-9c17-4207-919b-d362a759ca38.html]
[ghcampusmarket.com/get-more-feedback/99bf2450-0454-4a8b-b173-e8760419eb25.html]
[ghcampusmarket.com/get-more-feedback/98ed0d65-5b86-49a0-9992-5c4f8052f50c.html]
[ghcampusmarket.com/get-more-feedback/98ed0bd5-0704-4d72-ac08-12295dd725c3.html]
[ghcampusmarket.com/get-more-feedback/98bbe853-b27a-428b-adfe-5c78752da545.html]
[ghcampusmarket.com/get-more-feedback/9875522d-878e-41cf-9b00-011bdd2da644.html]
[ghcampusmarket.com/get-more-feedback/9830e1c5-5034-4f64-a5a9-a1ef7369d6c5.html]
[ghcampusmarket.com/get-more-feedback/982bee15-9416-4967-90ff-fae9da3499a6.html]
[ghcampusmarket.com/get-more-feedback/982bee14-ca94-40fb-9c4d-3bfe5c399bcf.html]
[ghcampusmarket.com/get-more-feedback/982bee12-0034-44a5-a37b-60a8af98da5f.html]
[ghcampusmarket.com/get-more-feedback/982bedfc-5634-4026-93e3-c86d1b0a9802.html]
[ghcampusmarket.com/get-more-feedback/982bedf3-21a5-4c8d-aa21-ae68fd547dd9.html]
[ghcampusmarket.com/get-more-feedback/982bedf2-7a2e-41a7-a372-0db0c0d82bc3.html]
[ghcampusmarket.com/get-more-feedback/982bedee-2451-4022-87ec-61c474644a85.html]
[ghcampusmarket.com/get-more-feedback/982bede9-849a-42ad-ad35-39e4662b7e1e.html]
[ghcampusmarket.com/get-more-feedback/982bede2-407a-4fa7-9463-3ae53ab918a5.html]
[ghcampusmarket.com/get-more-feedback/984ef79c-c495-4a5a-9a11-d1a4424dd57a.html]
[ghcampusmarket.com/get-more-feedback/9843e743-d78b-4db2-ac7c-fef135b3bc5c.html]
[ghcampusmarket.com/images/products/home-organiser_2308290329148727.png]
[ghcampusmarket.com/images/products/home-organiser_2308290329148568.png]
[ghcampusmarket.com/product/home-organiser]
[ghcampusmarket.com/get-more-feedback/98ed1cac-642d-4656-8459-ef464e808907.html]
[ghcampusmarket.com/get-more-feedback/98456061-f7d1-4682-8921-2068f0d692f2.html]
[ghcampusmarket.com/get-more-feedback/98454fe0-c84a-41db-8e5a-1fe121951624.html]
[ghcampusmarket.com/get-more-feedback/98440f94-f00f-4c8d-ba9f-7b0309bfd47b.html]
[ghcampusmarket.com/get-more-feedback/98360ba1-302d-4faf-a3f8-f7d22717eeb5.html]
[ghcampusmarket.com/get-more-feedback/982bee06-2455-4016-b4ad-0764997d8046.html]
[ghcampusmarket.com/get-more-feedback/9a0342bd-e763-4f72-b153-ee7ae2460ed4.html]
[ghcampusmarket.com/get-more-feedback/984d5e26-cbfa-4842-bb82-d54fea0755d9.html]
[ghcampusmarket.com/get-more-feedback/984d5d62-2897-4610-9071-890c9a5cf5a1.html]
[ghcampusmarket.com/get-more-feedback/982bee09-88e3-4432-9d5f-3ee38c832d56.html]
[ghcampusmarket.com/get-more-feedback/982bee09-12d4-45f8-98ff-d5326b21c423.html]
[ghcampusmarket.com/get-more-feedback/982bedf7-b198-4ec2-bfb9-01652634b726.html]
[ghcampusmarket.com/get-more-feedback/982bedf6-8295-4918-ae27-3484deb51b2f.html]
[ghcampusmarket.com/get-more-feedback/982bedf5-bb36-4c8b-8c6b-eefff1abf7f5.html]
[ghcampusmarket.com/get-more-feedback/98c6561f-dfa2-44e3-bb11-08f284478fd5.html]
[ghcampusmarket.com/get-more-feedback/982bee12-aef1-426b-a274-b82eac5f9229.html]
[ghcampusmarket.com/get-more-feedback/982bee0c-535d-4be3-b2cf-f63c23798b21.html]
[ghcampusmarket.com/get-more-feedback/982bee06-f057-404e-b674-44bf36502eff.html]
[ghcampusmarket.com/get-more-feedback/982bedef-1b3e-491a-9c8d-33850809f36f.html]
[ghcampusmarket.com/get-more-feedback/982bedeb-4f4c-4c22-ac1f-5e074a5e60ab.html]
[ghcampusmarket.com/get-more-feedback/982bedd4-10cf-4e3d-ac1b-b65867f045eb.html]
[ghcampusmarket.com/get-more-feedback/99bf2d4b-fd5d-450c-a857-12289ba6cd1a.html]
[ghcampusmarket.com/get-more-feedback/98c1cf37-d611-4c58-aae7-ae87c89bea1b.html]
[ghcampusmarket.com/get-more-feedback/98bf7da8-8e25-4cd6-a826-367cbbac9686.html]
[ghcampusmarket.com/get-more-feedback/98449687-ed5d-462f-a683-d216febbb140.html]
[ghcampusmarket.com/get-more-feedback/99055652-b9f9-479c-a21d-9676dfca1e9a.html]
[ghcampusmarket.com/get-more-feedback/99a08fde-0d82-4ebd-b4db-eaa2f31b7e33.html]
[ghcampusmarket.com/get-more-feedback/9966930d-5d55-4113-8d28-c9c39c085c42.html]
[ghcampusmarket.com/get-more-feedback/996676f7-4720-4623-a2e0-70a06868347c.html]
[ghcampusmarket.com/get-more-feedback/99282dd2-7e76-41df-a124-3525d62f3de0.html]
[ghcampusmarket.com/get-more-feedback/98ed14ab-2755-45fa-a094-a302e911dcf9.html]
[ghcampusmarket.com/get-more-feedback/9852e319-ffde-4c57-9310-c183bde88acd.html]
[ghcampusmarket.com/get-more-feedback/98fd29f1-865b-4ffb-b402-af839e918dec.html]
[ghcampusmarket.com/get-more-feedback/9852de00-be59-4699-852f-521d26ecace5.html]
[ghcampusmarket.com/get-more-feedback/9852db92-cbff-4875-bb03-4568b2f07d53.html]
[ghcampusmarket.com/get-more-feedback/983fd645-9272-4dc2-b03a-a8baef91a08b.html]
[ghcampusmarket.com/get-more-feedback/982bedd4-bdbb-41d8-b417-aaf2ad73281a.html]
[ghcampusmarket.com/get-more-feedback/98fb342b-5bae-4beb-8cb8-31bdfadb4210.html]
[ghcampusmarket.com/get-more-feedback/982bedd0-4d06-49c6-890d-380f194246a6.html]
[ghcampusmarket.com/get-more-feedback/9873750c-62db-475b-9226-30e12cfbbc87.html]
[ghcampusmarket.com/get-more-feedback/98f52bcd-473b-4901-85b8-880682eb5d5a.html]
[ghcampusmarket.com/get-more-feedback/98f526f4-0277-4f5a-9ef9-8d1baa55369f.html]
[ghcampusmarket.com/get-more-feedback/9851be91-534e-42c7-a9c6-0401ba4d685d.html]
[ghcampusmarket.com/get-more-feedback/984e86a9-5ee1-4d30-99d0-a6de0d0ee08d.html]
[ghcampusmarket.com/get-more-feedback/983ecaa7-53f4-451e-857c-b2f9182c2718.html]
[ghcampusmarket.com/get-more-feedback/984b9c05-9c0e-4399-a566-c6cdbe7c5e51.html]
[ghcampusmarket.com/get-more-feedback/9882472c-8d36-4ef1-8ab2-65d78aa52fc6.html]
[ghcampusmarket.com/get-more-feedback/98f3095a-da4e-42aa-ae7b-bd28edddf8a4.html]
[ghcampusmarket.com/get-more-feedback/98f30875-34ef-41e3-b550-01f6f8570706.html]
[ghcampusmarket.com/get-more-feedback/98f307e1-2aaa-4833-9899-afaaa0768181.html]
[ghcampusmarket.com/get-more-feedback/98f3057f-db07-4402-95de-ec03bb2b478f.html]
[ghcampusmarket.com/get-more-feedback/98f3018d-00e1-4763-8816-b7fd15840608.html]
[ghcampusmarket.com/get-more-feedback/9852e3c1-7374-4d76-89b4-729e62eb48c4.html]
[ghcampusmarket.com/get-more-feedback/99d7504c-f874-4381-bea5-2efbe6d83299.html]
[ghcampusmarket.com/get-more-feedback/99d74e5a-f169-4cef-acc4-c9f89d19fe38.html]
[ghcampusmarket.com/get-more-feedback/99ca20cb-ae4e-4514-89c6-88479be2e934.html]
[ghcampusmarket.com/get-more-feedback/99ca1ca1-055d-4b7c-af81-d2ec93647cc2.html]
[ghcampusmarket.com/product/clothes]
[ghcampusmarket.com/get-more-feedback/98bfbe9f-30f2-4bc5-8aba-82c7f77defdb.html]
[ghcampusmarket.com/get-more-feedback/98bfba97-d98d-4b8c-adf5-9843e3b2af48.html]
[ghcampusmarket.com/get-more-feedback/98bfba22-ab17-4760-a4d2-bb84f7101152.html]
[ghcampusmarket.com/get-more-feedback/98bfb180-7a80-4d01-9b44-df45eaaa0843.html]
[ghcampusmarket.com/get-more-feedback/987d868c-3f06-48f6-8f19-96ff7cd1a77e.html]
[ghcampusmarket.com/get-more-feedback/987d84e3-61a7-408b-af07-3b4ad0fcc85b.html]
[ghcampusmarket.com/get-more-feedback/987d835e-9d90-45bc-9c95-5335852de227.html]
[ghcampusmarket.com/get-more-feedback/987d7daf-6687-453f-a729-8581c0e70506.html]
[ghcampusmarket.com/get-more-feedback/9875abcc-88b6-4daf-a3eb-d133308f0ff5.html]
[ghcampusmarket.com/get-more-feedback/9861402a-8ddb-4fe6-8847-173f06d128bd.html]
[ghcampusmarket.com/get-more-feedback/98613d30-2a61-4a34-99bd-35c2e0529024.html]
[ghcampusmarket.com/get-more-feedback/984ec3af-9ad6-40d3-bf4e-6a3b788ec968.html]
[ghcampusmarket.com/product/bathing-aape-club-tshirts.html]
[ghcampusmarket.com/get-more-feedback/984c9b08-86ba-479f-bcb3-1b90b0bae491.html]
[ghcampusmarket.com/get-more-feedback/984cbd9a-f143-4147-8c6d-c1667b136f18.html]
[ghcampusmarket.com/get-more-feedback/98434f81-1503-4be5-81e4-a7a881c3c6ec.html]
[ghcampusmarket.com/get-more-feedback/9841a8c2-eec3-4c3b-bc78-1444f3f66e36.html]
[ghcampusmarket.com/get-more-feedback/98fd2ea4-b8c9-4416-8e2e-0c97ce15f1d3.html]
[ghcampusmarket.com/get-more-feedback/98fd2c45-ec3b-4758-bd39-72a4a9c28810.html]
[ghcampusmarket.com/get-more-feedback/98a15148-33f4-4a4b-b2fa-355086ebffc9.html]
[ghcampusmarket.com/get-more-feedback/989bc9e8-0d21-4f31-bfe3-b26c22271e70.html]
[ghcampusmarket.com/get-more-feedback/9895c133-3382-48a1-b414-368ea5b0b99a.html]
[ghcampusmarket.com/get-more-feedback/9895b26e-b012-4f41-b76f-2fe68c93aad0.html]
[ghcampusmarket.com/get-more-feedback/98702456-5fc2-48a8-a10e-ecf6d30aece4.html]
[ghcampusmarket.com/get-more-feedback/986d6b5e-4b0d-4f2e-afe6-fda8dd74ab73.html]
[ghcampusmarket.com/get-more-feedback/98619d2a-e371-4eba-968d-6ae5891b39c6.html]
[ghcampusmarket.com/get-more-feedback/986139fd-8c1a-4227-92ea-f1284a4fe3e0.html]
[ghcampusmarket.com/get-more-feedback/9861363f-0442-4891-b383-e636cc0e3310.html]
[ghcampusmarket.com/get-more-feedback/98573990-f378-489a-98a9-b3c586818574.html]
[ghcampusmarket.com/get-more-feedback/9853aba2-4a23-47c7-8242-2ee29b49d3b6.html]
[ghcampusmarket.com/get-more-feedback/984ba4be-1d8a-4bb2-9190-f7b1743a688c.html]
[ghcampusmarket.com/get-more-feedback/98449fb6-87ce-4bc3-9140-59d2108a941e.html]
[ghcampusmarket.com/get-more-feedback/984320ab-b34d-4d5d-bf27-0623d7b0f9aa.html]
[ghcampusmarket.com/get-more-feedback/983ee849-6a38-4aea-a638-d504b7092877.html]
[ghcampusmarket.com/get-more-feedback/983b8f41-3e3d-404e-92f6-d115ed9c1c66.html]
[ghcampusmarket.com/get-more-feedback/9852e269-c58e-4acd-b119-0aafa2c040b4.html]
[ghcampusmarket.com/get-more-feedback/99c20636-e65c-487c-a33e-dded13bfda39.html]
[ghcampusmarket.com/get-more-feedback/99c20435-cdd9-442a-ae6e-fc4bc80a3c49.html]
[ghcampusmarket.com/get-more-feedback/994c2dd3-0ea9-4279-aa13-31b2f38df702.html]
[ghcampusmarket.com/get-more-feedback/9895b6d9-08a2-46f5-9fc8-61b611d5fce2.html]
[ghcampusmarket.com/get-more-feedback/985cb5a5-0702-403c-bf99-a90c303166dd.html]
[ghcampusmarket.com/get-more-feedback/9895b8ad-a930-4ad7-9f67-440cf32b92d5.html]
[ghcampusmarket.com/get-more-feedback/99d745ae-e3b5-4ab6-b33e-30ab70edde70.html]
[ghcampusmarket.com/get-more-feedback/99c209bf-0b33-4ce6-8b62-a88458f76f9a.html]
[ghcampusmarket.com/get-more-feedback/98bfbc5b-c160-452e-bd2d-68c59ca7ce4b.html]
[ghcampusmarket.com/get-more-feedback/988e3f7b-bd6c-4cdf-b38b-00c099e6be12.html]
[ghcampusmarket.com/get-more-feedback/988c6028-bfd8-42f9-afc4-a5eea3191cbe.html]
[ghcampusmarket.com/get-more-feedback/984410cf-6547-46a5-8d61-c3a22a800788.html]
[ghcampusmarket.com/get-more-feedback/983fe5d7-20de-4436-b548-6106099244f1.html]
[ghcampusmarket.com/get-more-feedback/99bf33d2-26e9-417c-97bd-67322437ec0c.html]
[ghcampusmarket.com/get-more-feedback/98b04b3b-1a37-4f4d-9473-ba32013270f3.html]
[ghcampusmarket.com/get-more-feedback/98bfb9ba-5792-4ac3-b22b-ef66047bb09c.html]
[ghcampusmarket.com/get-more-feedback/98bfb927-4ffd-4688-8c30-9fa65a00df32.html]
[ghcampusmarket.com/get-more-feedback/98bfb844-ac8d-4ac3-a58c-000dafacaa9b.html]
[ghcampusmarket.com/get-more-feedback/986c000e-06d8-48e5-b6ba-4134954a5b67.html]
[ghcampusmarket.com/get-more-feedback/986bffab-e540-4fdf-b508-dd897a966c09.html]
[ghcampusmarket.com/get-more-feedback/982bede7-45b1-4fb6-8663-f21f07a77004.html]
[ghcampusmarket.com/get-more-feedback/982bee0e-cefe-4648-ba2b-4fb539be9eb7.html]
[ghcampusmarket.com/get-more-feedback/9852dd96-2eab-4758-9785-20f1130594df.html]
[ghcampusmarket.com/get-more-feedback/9852dd04-c7f3-4d72-9261-29c54d5cf60f.html]
[ghcampusmarket.com/get-more-feedback/9852deb0-6c9e-43f4-a6b7-10e1322a0d49.html]
[ghcampusmarket.com/get-more-feedback/984ccff6-828c-43ed-842e-ac065a4f1358.html]
[ghcampusmarket.com/get-more-feedback/99e2ef5d-3aaf-4e0b-8ff2-715129ac5a0c.html]
[ghcampusmarket.com/get-more-feedback/989401e9-8c43-4506-a48a-bfc6af22f1f9.html]
[ghcampusmarket.com/get-more-feedback/9866bea4-60be-4c83-ae74-7e94cda75385.html]
[ghcampusmarket.com/get-more-feedback/983ebd89-0796-4a36-8778-ce1b5249c7b1.html]
[ghcampusmarket.com/get-more-feedback/99d746be-6582-4562-aa2f-eb365dff7cd8.html]
[ghcampusmarket.com/get-more-feedback/98fc69d9-e7f9-4087-a979-ce57e4d57f25.html]
[ghcampusmarket.com/get-more-feedback/986317be-6b1e-4376-8220-a926e05290d1.html]
[ghcampusmarket.com/get-more-feedback/9850d4da-5a15-4130-842d-2707a0a4fe7f.html]
[ghcampusmarket.com/get-more-feedback/984cb485-1b16-410c-afef-7514aacc9bdf.html]
[ghcampusmarket.com/get-more-feedback/98473a2b-fb32-4a27-9ad7-b1f8be3b8eef.html]
[ghcampusmarket.com/get-more-feedback/98473389-af49-48be-a5f2-172fd980f1f9.html]
[ghcampusmarket.com/get-more-feedback/99d5359f-06b8-425a-a65d-eb506add314d.html]
[ghcampusmarket.com/get-more-feedback/986afcb1-90cf-4ab5-9a0c-fb61853776f1.html]
[ghcampusmarket.com/get-more-feedback/986afadd-5e6c-456f-8030-09de48d1a7ae.html]
[ghcampusmarket.com/get-more-feedback/986a928c-c831-4192-9596-411fefe4262c.html]
[ghcampusmarket.com/get-more-feedback/99d533b1-842f-4a9a-b18d-ce70b989e91c.html]
[ghcampusmarket.com/get-more-feedback/986af57a-1099-44e8-a99a-c1ff3676a2e2.html]
[ghcampusmarket.com/get-more-feedback/988d2b5d-0180-4ab3-9aba-60bba134800b.html]
[ghcampusmarket.com/get-more-feedback/984bb4c4-1bdd-466b-8c4e-b8cfd7c17638.html]
[ghcampusmarket.com/get-more-feedback/99c1a243-eb6a-4eef-9c91-a3071998ea9e.html]
[ghcampusmarket.com/get-more-feedback/98af41cb-5dbd-4fcb-a26b-76b23ffb3903.html]
[ghcampusmarket.com/get-more-feedback/98633bbe-641e-4f86-bb79-31a61fd2befe.html]
[ghcampusmarket.com/get-more-feedback/98633af8-09d7-4485-8922-0dc95b6e7447.html]
[ghcampusmarket.com/get-more-feedback/98632417-9664-4d97-879f-6965e0bea00c.html]
[ghcampusmarket.com/get-more-feedback/98631bd7-c922-48a6-96c7-a5a78c616ad3.html]
[ghcampusmarket.com/get-more-feedback/98631abd-ad1c-42d9-9496-52591339e4f6.html]
[ghcampusmarket.com/get-more-feedback/98631a1b-3116-4486-9a3f-a67950386a31.html]
[ghcampusmarket.com/get-more-feedback/98631698-8108-41ca-a177-720310b410c2.html]
[ghcampusmarket.com/product/wig-cap.html]
[ghcampusmarket.com/get-more-feedback/984099b8-a8f0-431b-a3ff-2d1ecc685957.html]
[ghcampusmarket.com/get-more-feedback/984096de-7731-42f4-a934-b0d7116cc2df.html]
[ghcampusmarket.com/get-more-feedback/984b243c-b59c-4146-9e7f-d157a35d0913.html]
[ghcampusmarket.com/get-more-feedback/99c1909d-f04e-41c3-b7b0-5f81331c7dd2.html]
[ghcampusmarket.com/get-more-feedback/98473f85-a4fe-4f8a-8907-946ae6959d0a.html]
[ghcampusmarket.com/get-more-feedback/98bf9457-4eaf-4771-a970-98960cb3876f.html]
[ghcampusmarket.com/get-more-feedback/985b0f13-a3ba-42c2-acaf-fff263b0be0b.html]
[ghcampusmarket.com/get-more-feedback/9a01bf51-d824-4fe8-b892-e6075a53aba0.html]
[ghcampusmarket.com/get-more-feedback/999ec106-1025-4f44-ba8c-2a68363c8637.html]
